Name,Diameter,Coordinates,Approval Year,Eponym,Link
Abedin,61°44′N 10°40′W﻿ / ﻿61.73°N 10.66°W﻿ / 61.73; -10.66﻿ (Abedin),116.23,2009,"Zainul Abedin, Bangladeshi painter",https://en.wikipedia.orghttps://planetarynames.wr.usgs.gov/Feature/14574
Abu Nuwas,17°38′N 21°11′W﻿ / ﻿17.63°N 21.19°W﻿ / 17.63; -21.19﻿ (Abu Nuwas),117,1976,"Abu Nuwas, Arabic poet",https://en.wikipedia.orghttps://planetarynames.wr.usgs.gov/Feature/21
Africanus Horton,50°58′S 41°11′W﻿ / ﻿50.96°S 41.19°W﻿ / -50.96; -41.19﻿ (Africanus Horton),140,1976,"Africanus Horton, Sierra Leonean writer",https://en.wikipedia.orghttps://planetarynames.wr.usgs.gov/Feature/76
Ahmad Baba,58°20′N 128°21′W﻿ / ﻿58.33°N 128.35°W﻿ / 58.33; -128.35﻿ (Ahmad Baba),126,1979,"Ahmad Baba al Massufi, West African writer",https://en.wikipedia.orghttps://planetarynames.wr.usgs.gov/Feature/99
Ailey,45°35′N 177°55′E﻿ / ﻿45.58°N 177.92°E﻿ / 45.58; 177.92﻿ (Ailey),23,2012,"Alvin Ailey, American choreographer",https://en.wikipedia.orghttps://planetarynames.wr.usgs.gov/Feature/14953
Aksakov,34°43′N 78°44′W﻿ / ﻿34.71°N 78.74°W﻿ / 34.71; -78.74﻿ (Aksakov),174,2012,"Sergey Aksakov, Russian author",https://en.wikipedia.orghttps://planetarynames.wr.usgs.gov/Feature/14954
Akutagawa,48°15′N 141°05′W﻿ / ﻿48.25°N 141.09°W﻿ / 48.25; -141.09﻿ (Akutagawa),106,2015,"Ryūnosuke Akutagawa, Japanese writer",https://en.wikipedia.orghttps://planetarynames.wr.usgs.gov/Feature/15386
Al-Akhtal,59°23′N 99°43′W﻿ / ﻿59.38°N 99.71°W﻿ / 59.38; -99.71﻿ (Al-Akhtal),94.29,1985,"Akhtal, Arab poet",https://en.wikipedia.orghttps://planetarynames.wr.usgs.gov/Feature/144
Alencar,63°38′S 103°47′W﻿ / ﻿63.64°S 103.78°W﻿ / -63.64; -103.78﻿ (Alencar),106,1979,"José de Alencar, Brazilian novelist",https://en.wikipedia.orghttps://planetarynames.wr.usgs.gov/Feature/176
Al-Hamadhani,39°11′N 91°46′W﻿ / ﻿39.19°N 91.76°W﻿ / 39.19; -91.76﻿ (Al-Hamadhani),164,1979,"Badi' az-Zaman al-Hamadhani, Arab writer",https://en.wikipedia.orghttps://planetarynames.wr.usgs.gov/Feature/147
Al-Jāhiz,1°22′N 21°46′W﻿ / ﻿1.36°N 21.76°W﻿ / 1.36; -21.76﻿ (Al-Jāhiz),83,1976,"Al-Jahiz, Arab author",https://en.wikipedia.orghttps://planetarynames.wr.usgs.gov/Feature/148
Alver,66°58′S 77°15′E﻿ / ﻿66.97°S 77.25°E﻿ / -66.97; 77.25﻿ (Alver),151,2013,"Betti Alver, Estonian poet",https://en.wikipedia.orghttps://planetarynames.wr.usgs.gov/Feature/15097
Amaral,26°29′S 117°49′E﻿ / ﻿26.49°S 117.82°E﻿ / -26.49; 117.82﻿ (Amaral),105,2008,"Tarsila do Amaral, Brazilian artist",https://en.wikipedia.orghttps://planetarynames.wr.usgs.gov/Feature/14506
Amru Al-Qays,12°26′N 176°07′W﻿ / ﻿12.43°N 176.11°W﻿ / 12.43; -176.11﻿ (Amru Al-Qays),47,1976,"Imru Al-Qays Ibn Hujr, Arabic poet",https://en.wikipedia.orghttps://planetarynames.wr.usgs.gov/Feature/244
Andal,47°31′S 37°43′W﻿ / ﻿47.52°S 37.71°W﻿ / -47.52; -37.71﻿ (Andal),109,1976,"Aandaal, Tamil writer",https://en.wikipedia.orghttps://planetarynames.wr.usgs.gov/Feature/257
Aneirin,27°28′S 2°41′W﻿ / ﻿27.47°S 2.68°W﻿ / -27.47; -2.68﻿ (Aneirin),467,2014,"Aneirin, Welsh poet (6th century)",https://en.wikipedia.orghttps://planetarynames.wr.usgs.gov/Feature/15244
Angelou,80°19′N 66°43′W﻿ / ﻿80.32°N 66.71°W﻿ / 80.32; -66.71﻿ (Angelou),18,2019,"Maya Angelou, American author and poet",https://en.wikipedia.orghttps://planetarynames.wr.usgs.gov/Feature/15854
Anguissola,80°41′N 217°21′W﻿ / ﻿80.69°N 217.35°W﻿ / 80.69; -217.35﻿ (Anguissola),35,2017,"Sofonisba Anguissola, Italian painter",https://en.wikipedia.orghttps://planetarynames.wr.usgs.gov/Feature/15621
Anyte,79°30′N 210°40′W﻿ / ﻿79.5°N 210.67°W﻿ / 79.5; -210.67﻿ (Anyte),20,2017,"Anyte of Tegea, Greek poet",https://en.wikipedia.orghttps://planetarynames.wr.usgs.gov/Feature/15622
Apollodorus,30°32′N 163°17′E﻿ / ﻿30.54°N 163.28°E﻿ / 30.54; 163.28﻿ (Apollodorus),41,2008,"Apollodorus of Damascus, Ancient Greek architect",https://en.wikipedia.orghttps://planetarynames.wr.usgs.gov/Feature/14397
Aristoxenus,83°56′N 17°28′W﻿ / ﻿83.93°N 17.46°W﻿ / 83.93; -17.46﻿ (Aristoxenus),52,1979,"Aristoxenus, Ancient Greek writer",https://en.wikipedia.orghttps://planetarynames.wr.usgs.gov/Feature/383
Asawa,27°16′N 315°17′W﻿ / ﻿27.26°N 315.28°W﻿ / 27.26; -315.28﻿ (Asawa),130,2024,"Ruth Aiko Asawa, Japanese-American sculptor",https://en.wikipedia.orghttps://planetarynames.wr.usgs.gov/Feature/16351
Aśvaghoṣa,10°37′N 21°29′W﻿ / ﻿10.61°N 21.49°W﻿ / 10.61; -21.49﻿ (Aśvaghoṣa),88,1976,"Aśvaghoṣa, Sanskrit, poet",https://en.wikipedia.orghttps://planetarynames.wr.usgs.gov/Feature/528
Atget,25°34′N 166°23′E﻿ / ﻿25.57°N 166.38°E﻿ / 25.57; 166.38﻿ (Atget),100,2008,"Eugène Atget, French photographer",https://en.wikipedia.orghttps://planetarynames.wr.usgs.gov/Feature/14394
Bach,69°52′S 103°01′W﻿ / ﻿69.86°S 103.01°W﻿ / -69.86; -103.01﻿ (Bach),214.29,1976,"Johann Sebastian Bach, German composer",https://en.wikipedia.orghttps://planetarynames.wr.usgs.gov/Feature/537
Bagryana,3°53′S 283°44′W﻿ / ﻿3.89°S 283.73°W﻿ / -3.89; -283.73﻿ (Bagryana),101,2015,"Elisaveta Bagryana, Bulgarian poet",https://en.wikipedia.orghttps://planetarynames.wr.usgs.gov/Feature/15387
Balagtas,22°34′S 13°54′W﻿ / ﻿22.56°S 13.9°W﻿ / -22.56; -13.9﻿ (Balagtas),104,1976,"Francisco Balagtas, Filipino poet",https://en.wikipedia.orghttps://planetarynames.wr.usgs.gov/Feature/568
Balanchine,38°28′N 175°31′E﻿ / ﻿38.47°N 175.52°E﻿ / 38.47; 175.52﻿ (Balanchine),38,2012,"George Balanchine, Georgian choreographer",https://en.wikipedia.orghttps://planetarynames.wr.usgs.gov/Feature/14955
Baranauskas,50°44′N 39°46′W﻿ / ﻿50.73°N 39.76°W﻿ / 50.73; -39.76﻿ (Baranauskas),36,2015,"Antanas Baranauskas, Lithuanian poet",https://en.wikipedia.orghttps://planetarynames.wr.usgs.gov/Feature/15388
Barney,11°41′S 59°43′E﻿ / ﻿11.69°S 59.71°E﻿ / -11.69; 59.71﻿ (Barney),29,2013,"Natalie Clifford Barney, American-French playwright, poet, and novelist",https://en.wikipedia.orghttps://planetarynames.wr.usgs.gov/Feature/15185
Balzac,10°37′N 144°40′W﻿ / ﻿10.62°N 144.67°W﻿ / 10.62; -144.67﻿ (Balzac),67,1976,"Honoré de Balzac, French writer",https://en.wikipedia.orghttps://planetarynames.wr.usgs.gov/Feature/587
Bartók,29°13′S 135°04′W﻿ / ﻿29.22°S 135.06°W﻿ / -29.22; -135.06﻿ (Bartók),118,1979,"Béla Bartók, Hungarian composer",https://en.wikipedia.orghttps://planetarynames.wr.usgs.gov/Feature/624
Barma,40°56′S 163°29′W﻿ / ﻿40.93°S 163.49°W﻿ / -40.93; -163.49﻿ (Barma),123,1982,"Postnik ""Barma"" Yakovlev, Russian architect",https://en.wikipedia.orghttps://planetarynames.wr.usgs.gov/Feature/607
Bashō,32°23′S 170°27′W﻿ / ﻿32.39°S 170.45°W﻿ / -32.39; -170.45﻿ (Bashō),75,1979,"Matsuo Bashō, Japanese poet",https://en.wikipedia.orghttps://planetarynames.wr.usgs.gov/Feature/628
Bechet,83°05′N 93°40′W﻿ / ﻿83.08°N 93.66°W﻿ / 83.08; -93.66﻿ (Bechet),17.6,2013,"Sidney Bechet, American jazz musician and composer",https://en.wikipedia.orghttps://planetarynames.wr.usgs.gov/Feature/15138
Beckett,40°12′S 111°17′E﻿ / ﻿40.2°S 111.29°E﻿ / -40.2; 111.29﻿ (Beckett),60,2008,"Clarice Beckett, Australian painter",https://en.wikipedia.orghttps://planetarynames.wr.usgs.gov/Feature/14511
Beethoven,20°52′S 124°13′W﻿ / ﻿20.86°S 124.21°W﻿ / -20.86; -124.21﻿ (Beethoven),630,1976,"Ludwig van Beethoven, German composer",https://en.wikipedia.orghttps://planetarynames.wr.usgs.gov/Feature/660
Bek,21°10′N 50°59′W﻿ / ﻿21.16°N 50.99°W﻿ / 21.16; -50.99﻿ (Bek),32,2010,"Bek, Egyptian sculptor",https://en.wikipedia.orghttps://planetarynames.wr.usgs.gov/Feature/14641
Belinskij,77°05′S 103°55′W﻿ / ﻿77.09°S 103.92°W﻿ / -77.09; -103.92﻿ (Belinskij),70.67,1985,"Vissarion Belinsky, Russian literary critic",https://en.wikipedia.orghttps://planetarynames.wr.usgs.gov/Feature/670
Bellini,33°46′S 272°50′W﻿ / ﻿33.77°S 272.83°W﻿ / -33.77; -272.83﻿ (Bellini),45,2019,"Giovanni Bellini, Italian painter",https://en.wikipedia.orghttps://planetarynames.wr.usgs.gov/Feature/15811
Bello,18°52′S 120°11′W﻿ / ﻿18.87°S 120.18°W﻿ / -18.87; -120.18﻿ (Bello),139,1976,"Andrés Bello, Venezuelan writer",https://en.wikipedia.orghttps://planetarynames.wr.usgs.gov/Feature/675
Benoit,7°29′N 104°21′E﻿ / ﻿7.48°N 104.35°E﻿ / 7.48; 104.35﻿ (Benoit),40,2009,"Rigaud Benoit, Haitian artist",https://en.wikipedia.orghttps://planetarynames.wr.usgs.gov/Feature/14575
Berkel,13°44′S 26°49′E﻿ / ﻿13.73°S 26.81°E﻿ / -13.73; 26.81﻿ (Berkel),23,2009,"Sabri Berkel, Turkish painter",https://en.wikipedia.orghttps://planetarynames.wr.usgs.gov/Feature/14576
Berlioz,79°20′N 38°50′E﻿ / ﻿79.33°N 38.83°E﻿ / 79.33; 38.83﻿ (Berlioz),31.44,2013,"Hector Berlioz, French composer",https://en.wikipedia.orghttps://planetarynames.wr.usgs.gov/Feature/15186
Bernini,80°19′S 140°58′W﻿ / ﻿80.32°S 140.97°W﻿ / -80.32; -140.97﻿ (Bernini),168.13,1976,"Gian Lorenzo Bernini, Italian sculptor",https://en.wikipedia.orghttps://planetarynames.wr.usgs.gov/Feature/708
Berry,70°34′N 247°16′W﻿ / ﻿70.57°N 247.27°W﻿ / 70.57; -247.27﻿ (Berry),25,2020,"Chuck Berry, American singer and songwriter",https://en.wikipedia.orghttps://planetarynames.wr.usgs.gov/Feature/15937
Bilokur,0°47′S 108°20′W﻿ / ﻿0.79°S 108.33°W﻿ / -0.79; -108.33﻿ (Bilokur),67,2024,"Kateryna Bilokur, Ukrainian painter",https://en.wikipedia.orghttps://planetarynames.wr.usgs.gov/Feature/16353
Bjornson,73°07′N 113°59′W﻿ / ﻿73.11°N 113.99°W﻿ / 73.11; -113.99﻿ (Bjornson),75.93,1985,"Bjørnstjerne Bjørnson, Norwegian poet",https://en.wikipedia.orghttps://planetarynames.wr.usgs.gov/Feature/761
Boccaccio,80°59′S 23°01′W﻿ / ﻿80.99°S 23.01°W﻿ / -80.99; -23.01﻿ (Boccaccio),151.95,1976,"Giovanni Boccaccio, Italian writer",https://en.wikipedia.orghttps://planetarynames.wr.usgs.gov/Feature/788
Boethius,0°59′S 73°38′W﻿ / ﻿0.98°S 73.64°W﻿ / -0.98; -73.64﻿ (Boethius),114,1976,"Anicius Manlius Severinus Boethius, Roman philosopher",https://en.wikipedia.orghttps://planetarynames.wr.usgs.gov/Feature/794
Botticelli,63°38′N 112°21′W﻿ / ﻿63.63°N 112.35°W﻿ / 63.63; -112.35﻿ (Botticelli),136.35,1979,"Sandro Botticelli, Italian artist",https://en.wikipedia.orghttps://planetarynames.wr.usgs.gov/Feature/838
Boznańska,59°38′N 40°45′W﻿ / ﻿59.64°N 40.75°W﻿ / 59.64; -40.75﻿ (Boznańska),72,2015,"Olga Boznańska, Polish painter",https://en.wikipedia.orghttps://planetarynames.wr.usgs.gov/Feature/15389
Brahms,58°19′N 177°22′W﻿ / ﻿58.32°N 177.36°W﻿ / 58.32; -177.36﻿ (Brahms),100,1979,"Johannes Brahms, German composer",https://en.wikipedia.orghttps://planetarynames.wr.usgs.gov/Feature/859
Bramante,47°14′S 61°33′W﻿ / ﻿47.23°S 61.55°W﻿ / -47.23; -61.55﻿ (Bramante),156,1976,"Donato Bramante, Italian architect",https://en.wikipedia.orghttps://planetarynames.wr.usgs.gov/Feature/860
Brontë,38°23′N 127°04′W﻿ / ﻿38.39°N 127.06°W﻿ / 38.39; -127.06﻿ (Brontë),68,1976,"The Brontë family, English writers and artists",https://en.wikipedia.orghttps://planetarynames.wr.usgs.gov/Feature/890
Brooks,45°13′S 168°01′W﻿ / ﻿45.22°S 168.02°W﻿ / -45.22; -168.02﻿ (Brooks),34,2015,"Gwendolyn Brooks, American poet and novelist",https://en.wikipedia.orghttps://planetarynames.wr.usgs.gov/Feature/15390
Bruegel,49°44′N 109°28′W﻿ / ﻿49.73°N 109.46°W﻿ / 49.73; -109.46﻿ (Bruegel),72,1985,"Pieter Bruegel the Elder, Flemish painter",https://en.wikipedia.orghttps://planetarynames.wr.usgs.gov/Feature/898
Brunelleschi,8°56′S 22°31′W﻿ / ﻿8.94°S 22.51°W﻿ / -8.94; -22.51﻿ (Brunelleschi),128.57,1976,"Filippo Brunelleschi, Italian architect",https://en.wikipedia.orghttps://planetarynames.wr.usgs.gov/Feature/899
Bunin,84°28′N 141°46′W﻿ / ﻿84.47°N 141.76°W﻿ / 84.47; -141.76﻿ (Bunin),37,2019,"Ivan Bunin, Russian author",https://en.wikipedia.orghttps://planetarynames.wr.usgs.gov/Feature/15859
Burke,85°55′N 171°34′W﻿ / ﻿85.91°N 171.56°W﻿ / 85.91; -171.56﻿ (Burke),28.5,2015,"Billie Burke, American actress",https://en.wikipedia.orghttps://planetarynames.wr.usgs.gov/Feature/15433
Burns,54°06′N 117°22′W﻿ / ﻿54.1°N 117.37°W﻿ / 54.1; -117.37﻿ (Burns),43,1985,"Robert Burns, Scottish poet",https://en.wikipedia.orghttps://planetarynames.wr.usgs.gov/Feature/926
Byron,8°26′S 33°00′W﻿ / ﻿8.44°S 33°W﻿ / -8.44; -33﻿ (Byron),106.58,1976,"Lord Byron, English poet",https://en.wikipedia.orghttps://planetarynames.wr.usgs.gov/Feature/944
Calder,3°31′N 12°45′E﻿ / ﻿3.51°N 12.75°E﻿ / 3.51; 12.75﻿ (Calder),24,2013,"Alexander Calder, American sculptor",https://en.wikipedia.orghttps://planetarynames.wr.usgs.gov/Feature/15187
Callicrates,66°31′S 30°22′W﻿ / ﻿66.51°S 30.37°W﻿ / -66.51; -30.37﻿ (Callicrates),68,1976,"Kallicrates, Ancient Greek architect",https://en.wikipedia.orghttps://planetarynames.wr.usgs.gov/Feature/976
Calvino,3°59′S 56°02′W﻿ / ﻿3.99°S 56.03°W﻿ / -3.99; -56.03﻿ (Calvino),67,2009,"Italo Calvino, Italian writer",https://en.wikipedia.orghttps://planetarynames.wr.usgs.gov/Feature/14577
Camões,71°25′S 68°23′W﻿ / ﻿71.42°S 68.39°W﻿ / -71.42; -68.39﻿ (Camões),70,1976,"Luís de Camões, Portuguese writer",https://en.wikipedia.orghttps://planetarynames.wr.usgs.gov/Feature/994
Canova,25°36′N 3°43′W﻿ / ﻿25.6°N 3.71°W﻿ / 25.6; -3.71﻿ (Canova),46,2018,"Antonio Canova, Italian sculptor",https://en.wikipedia.orghttps://planetarynames.wr.usgs.gov/Feature/15772
Capote,21°06′S 72°25′E﻿ / ﻿21.1°S 72.41°E﻿ / -21.1; 72.41﻿ (Capote),88,2013,"Truman Capote, American Author",https://en.wikipedia.orghttps://planetarynames.wr.usgs.gov/Feature/15188
Caravaggio,3°11′N 87°14′E﻿ / ﻿3.18°N 87.24°E﻿ / 3.18; 87.24﻿ (Caravaggio),185,2013,"Michelangelo Merisi Caravaggio, Italian painter",https://en.wikipedia.orghttps://planetarynames.wr.usgs.gov/Feature/15175
Carducci,36°32′S 90°23′W﻿ / ﻿36.54°S 90.39°W﻿ / -36.54; -90.39﻿ (Carducci),108.19,1976,"Giosuè Carducci, Italian poet",https://en.wikipedia.orghttps://planetarynames.wr.usgs.gov/Feature/1017
Carleton,52°12′S 306°36′W﻿ / ﻿52.2°S 306.6°W﻿ / -52.2; -306.6﻿ (Carleton),177,2018,"William Carleton, Irish writer",https://en.wikipedia.orghttps://planetarynames.wr.usgs.gov/Feature/15774
Carolan,83°53′N 31°46′E﻿ / ﻿83.88°N 31.77°E﻿ / 83.88; 31.77﻿ (Carolan),24.34,2015,"Turlough Carolan, Irish composer and performer",https://en.wikipedia.orghttps://planetarynames.wr.usgs.gov/Feature/15321
Caruso,2°20′S 76°22′W﻿ / ﻿2.33°S 76.36°W﻿ / -2.33; -76.36﻿ (Caruso),31,2013,"Enrico Caruso, Italian singer",https://en.wikipedia.orghttps://planetarynames.wr.usgs.gov/Feature/15189
Carvalho,26°49′N 51°37′W﻿ / ﻿26.82°N 51.61°W﻿ / 26.82; -51.61﻿ (Carvalho),90,,"Beth Carvalho, Brazilian musician",https://en.wikipedia.orghttps://planetarynames.wr.usgs.gov/Feature/16334
Castiglione,40°52′S 87°58′E﻿ / ﻿40.87°S 87.96°E﻿ / -40.87; 87.96﻿ (Castiglione),80,2015,"Giuseppe Castiglione, Italian painter",https://en.wikipedia.orghttps://planetarynames.wr.usgs.gov/Feature/15391
Catullus,21°54′N 67°33′W﻿ / ﻿21.9°N 67.55°W﻿ / 21.9; -67.55﻿ (Catullus),100.2,2012,"Gaius Valerius Catullus, Roman poet",https://en.wikipedia.orghttps://planetarynames.wr.usgs.gov/Feature/15078
Cervantes,76°05′S 124°16′W﻿ / ﻿76.09°S 124.26°W﻿ / -76.09; -124.26﻿ (Cervantes),213.16,1976,"Miguel de Cervantes, Spanish writer",https://en.wikipedia.orghttps://planetarynames.wr.usgs.gov/Feature/1113
Cézanne,8°28′S 123°41′W﻿ / ﻿8.47°S 123.69°W﻿ / -8.47; -123.69﻿ (Cézanne),67,1985,"Paul Cézanne, French painter",https://en.wikipedia.orghttps://planetarynames.wr.usgs.gov/Feature/1374
Chaikovskij,7°52′N 50°56′W﻿ / ﻿7.86°N 50.93°W﻿ / 7.86; -50.93﻿ (Chaikovskij),171,1976,"Pyotr Ilyich Tchaikovsky, Russian composer",https://en.wikipedia.orghttps://planetarynames.wr.usgs.gov/Feature/1121
Chao Meng-Fu,88°25′S 156°22′W﻿ / ﻿88.42°S 156.36°W﻿ / -88.42; -156.36﻿ (Chao Meng-Fu),140.73,1976,"Zhao Mengfu, Chinese artist",https://en.wikipedia.orghttps://planetarynames.wr.usgs.gov/Feature/1140
Chekhov,36°12′S 61°14′W﻿ / ﻿36.2°S 61.23°W﻿ / -36.2; -61.23﻿ (Chekhov),194,1976,"Anton Chekhov, Russian playwright and writer",https://en.wikipedia.orghttps://planetarynames.wr.usgs.gov/Feature/1171
Chesterton,88°31′N 126°54′W﻿ / ﻿88.51°N 126.9°W﻿ / 88.51; -126.9﻿ (Chesterton),37.23,2012,"Gilbert Keith Chesterton, English author",https://en.wikipedia.orghttps://planetarynames.wr.usgs.gov/Feature/15033
Chiang Kʻui,14°43′N 102°48′W﻿ / ﻿14.71°N 102.8°W﻿ / 14.71; -102.8﻿ (Chiang Kʻui),41,1976,"Jiang Kui, Chinese poet",https://en.wikipedia.orghttps://planetarynames.wr.usgs.gov/Feature/1178
Chŏng Chʼŏl,46°52′N 117°19′W﻿ / ﻿46.87°N 117.31°W﻿ / 46.87; -117.31﻿ (Chŏng Chʼŏl),143,1979,"Jeong Cheol, Korean poet",https://en.wikipedia.orghttps://planetarynames.wr.usgs.gov/Feature/1213
Chopin,65°27′S 123°24′W﻿ / ﻿65.45°S 123.4°W﻿ / -65.45; -123.4﻿ (Chopin),131,1976,"Frédéric Chopin, Polish composer",https://en.wikipedia.orghttps://planetarynames.wr.usgs.gov/Feature/1197
Chu Ta,2°02′N 105°40′W﻿ / ﻿2.04°N 105.66°W﻿ / 2.04; -105.66﻿ (Chu Ta),100,1976,"Zhu Da, Chinese painter",https://en.wikipedia.orghttps://planetarynames.wr.usgs.gov/Feature/1208
Codesido,68°11′S 206°59′W﻿ / ﻿68.19°S 206.99°W﻿ / -68.19; -206.99﻿ (Codesido),64,2024,"Julia Codesido, Peruvian painter",https://en.wikipedia.orghttps://planetarynames.wr.usgs.gov/Feature/16347
Coleridge,55°40′S 66°36′W﻿ / ﻿55.67°S 66.6°W﻿ / -55.67; -66.6﻿ (Coleridge),112,1976,"Samuel Taylor Coleridge, English poet",https://en.wikipedia.orghttps://planetarynames.wr.usgs.gov/Feature/1266
Copland,37°38′N 72°59′E﻿ / ﻿37.63°N 72.99°E﻿ / 37.63; 72.99﻿ (Copland),208,2010,"Aaron Copland, American composer",https://en.wikipedia.orghttps://planetarynames.wr.usgs.gov/Feature/14649
Copley,38°38′S 86°01′W﻿ / ﻿38.63°S 86.01°W﻿ / -38.63; -86.01﻿ (Copley),34,1976,"John Singleton Copley, American painter",https://en.wikipedia.orghttps://planetarynames.wr.usgs.gov/Feature/1299
Couperin,29°44′N 151°56′W﻿ / ﻿29.74°N 151.94°W﻿ / 29.74; -151.94﻿ (Couperin),80,1979,The Couperin family of French musicians,https://en.wikipedia.orghttps://planetarynames.wr.usgs.gov/Feature/1324
Cunningham,30°25′N 157°04′E﻿ / ﻿30.41°N 157.07°E﻿ / 30.41; 157.07﻿ (Cunningham),37,2008,"Imogen Cunningham, American photographer",https://en.wikipedia.orghttps://planetarynames.wr.usgs.gov/Feature/14393
Dali,45°10′N 119°44′E﻿ / ﻿45.16°N 119.74°E﻿ / 45.16; 119.74﻿ (Dali),176,2008,"Salvador Dalí, Spanish painter",https://en.wikipedia.orghttps://planetarynames.wr.usgs.gov/Feature/14507
Damer,36°22′N 115°49′W﻿ / ﻿36.36°N 115.81°W﻿ / 36.36; -115.81﻿ (Damer),60,2013,"Anne Seymour Damer, English sculptor",https://en.wikipedia.orghttps://planetarynames.wr.usgs.gov/Feature/15139
Darío,26°17′S 9°31′W﻿ / ﻿26.28°S 9.51°W﻿ / -26.28; -9.51﻿ (Darío),151,1976,"Rubén Darío, Nicaraguan writer",https://en.wikipedia.orghttps://planetarynames.wr.usgs.gov/Feature/1420
David,17°40′S 67°52′E﻿ / ﻿17.66°S 67.87°E﻿ / -17.66; 67.87﻿ (David),23,2013,"Jacques-Louis David, French painter",https://en.wikipedia.orghttps://planetarynames.wr.usgs.gov/Feature/15140
de Graft,22°03′N 1°53′E﻿ / ﻿22.05°N 1.89°E﻿ / 22.05; 1.89﻿ (de Graft),68,2009,"Joe de Graft, Ghanaian playwright",https://en.wikipedia.orghttps://planetarynames.wr.usgs.gov/Feature/14578
Debussy,33°57′S 12°32′E﻿ / ﻿33.95°S 12.54°E﻿ / -33.95; 12.54﻿ (Debussy),81,2010,"Claude Debussy, French composer",https://en.wikipedia.orghttps://planetarynames.wr.usgs.gov/Feature/14647
Degas,37°05′N 127°20′W﻿ / ﻿37.08°N 127.34°W﻿ / 37.08; -127.34﻿ (Degas),54,1979,"Edgar Degas, French artist",https://en.wikipedia.orghttps://planetarynames.wr.usgs.gov/Feature/1458
Delacroix,44°19′S 129°31′W﻿ / ﻿44.32°S 129.51°W﻿ / -44.32; -129.51﻿ (Delacroix),158,1979,"Eugène Delacroix, French artist",https://en.wikipedia.orghttps://planetarynames.wr.usgs.gov/Feature/1466
Derain,9°00′S 19°42′E﻿ / ﻿9°S 19.7°E﻿ / -9; 19.7﻿ (Derain),167,2009,"André Derain, French artist",https://en.wikipedia.orghttps://planetarynames.wr.usgs.gov/Feature/14579
Derzhavin,45°36′N 36°56′W﻿ / ﻿45.6°N 36.93°W﻿ / 45.6; -36.93﻿ (Derzhavin),156,1979,"Gavril Romanovich Derzhavin, Russian poet",https://en.wikipedia.orghttps://planetarynames.wr.usgs.gov/Feature/1496
Despréz,81°05′N 101°15′W﻿ / ﻿81.08°N 101.25°W﻿ / 81.08; -101.25﻿ (Despréz),47.05,1979,"Josquin des Prez, Franco-Flemish composer",https://en.wikipedia.orghttps://planetarynames.wr.usgs.gov/Feature/1503
Dickens,73°16′S 155°58′W﻿ / ﻿73.26°S 155.96°W﻿ / -73.26; -155.96﻿ (Dickens),77.31,1976,"Charles Dickens, English novelist",https://en.wikipedia.orghttps://planetarynames.wr.usgs.gov/Feature/1527
Disney,68°09′S 99°48′E﻿ / ﻿68.15°S 99.8°E﻿ / -68.15; 99.8﻿ (Disney),113,2012,"Walt Disney, American animator",https://en.wikipedia.orghttps://planetarynames.wr.usgs.gov/Feature/15079
Dominici,1°17′N 36°29′W﻿ / ﻿1.29°N 36.49°W﻿ / 1.29; -36.49﻿ (Dominici),20,2010,"Maria de Dominici, Maltese painter",https://en.wikipedia.orghttps://planetarynames.wr.usgs.gov/Feature/14642
Donelaitis,52°58′S 38°25′E﻿ / ﻿52.96°S 38.42°E﻿ / -52.96; 38.42﻿ (Donelaitis),85,2013,"Kristijonas Donelaitis, Lithuanian poet",https://en.wikipedia.orghttps://planetarynames.wr.usgs.gov/Feature/15098
Donne,2°55′N 14°03′W﻿ / ﻿2.92°N 14.05°W﻿ / 2.92; -14.05﻿ (Donne),86,1976,"John Donne, English poet",https://en.wikipedia.orghttps://planetarynames.wr.usgs.gov/Feature/1576
Dostoevskij,44°44′S 178°07′W﻿ / ﻿44.73°S 178.11°W﻿ / -44.73; -178.11﻿ (Dostoevskij),430.06,1979,"Fyodor Dostoyevsky, Russian novelist",https://en.wikipedia.orghttps://planetarynames.wr.usgs.gov/Feature/1626
Dowland,53°34′S 179°18′E﻿ / ﻿53.56°S 179.3°E﻿ / -53.56; 179.3﻿ (Dowland),158,1979,"John Dowland, English composer",https://en.wikipedia.orghttps://planetarynames.wr.usgs.gov/Feature/1633
Driscoll,30°35′N 33°35′W﻿ / ﻿30.58°N 33.58°W﻿ / 30.58; -33.58﻿ (Driscoll),30,2015,"Clara Driscoll, American artist",https://en.wikipedia.orghttps://planetarynames.wr.usgs.gov/Feature/15392
Duccio,58°14′N 52°25′W﻿ / ﻿58.23°N 52.42°W﻿ / 58.23; -52.42﻿ (Duccio),132,2013,"Duccio di Buoninsegna, Italian painter",https://en.wikipedia.orghttps://planetarynames.wr.usgs.gov/Feature/15137
Du Fu,25°00′N 93°40′W﻿ / ﻿25°N 93.66°W﻿ / 25; -93.66﻿ (Du Fu),33,2015,"Du Fu, Chinese artist",https://en.wikipedia.orghttps://planetarynames.wr.usgs.gov/Feature/15396
Dürer,21°31′N 118°59′W﻿ / ﻿21.51°N 118.98°W﻿ / 21.51; -118.98﻿ (Dürer),195,1976,"Albrecht Dürer, German artist",https://en.wikipedia.orghttps://planetarynames.wr.usgs.gov/Feature/1699
Dvorák,9°24′S 12°08′W﻿ / ﻿9.4°S 12.13°W﻿ / -9.4; -12.13﻿ (Dvorák),75,1976,"Antonín Dvořák, Czech composer",https://en.wikipedia.orghttps://planetarynames.wr.usgs.gov/Feature/1678
Eastman,9°31′N 125°46′E﻿ / ﻿9.52°N 125.76°E﻿ / 9.52; 125.76﻿ (Eastman),67,2009,"Charles Eastman, Sioux author",https://en.wikipedia.orghttps://planetarynames.wr.usgs.gov/Feature/14580
Echegaray,43°29′N 20°13′W﻿ / ﻿43.48°N 20.22°W﻿ / 43.48; -20.22﻿ (Echegaray),63,1985,"José Echegaray, Spanish dramatist",https://en.wikipedia.orghttps://planetarynames.wr.usgs.gov/Feature/1707
Egonu,67°09′N 61°29′E﻿ / ﻿67.15°N 61.48°E﻿ / 67.15; 61.48﻿ (Egonu),25,2012,"Uzo Egonu, Nigerian artist",https://en.wikipedia.orghttps://planetarynames.wr.usgs.gov/Feature/15020
Eitoku,21°48′S 157°11′W﻿ / ﻿21.8°S 157.18°W﻿ / -21.8; -157.18﻿ (Eitoku),101,1976,"Kanō Eitoku, Japanese artist",https://en.wikipedia.orghttps://planetarynames.wr.usgs.gov/Feature/1749
El Husseini,75°20′S 333°20′W﻿ / ﻿75.34°S 333.34°W﻿ / -75.34; -333.34﻿ (El Husseini),87,2024,"Jumana El Husseini, Palestinian painter and sculptor",https://en.wikipedia.orghttps://planetarynames.wr.usgs.gov/Feature/16349
Ellington,12°53′S 26°06′E﻿ / ﻿12.88°S 26.1°E﻿ / -12.88; 26.1﻿ (Ellington),216,2012,"Duke Ellington, American musician",https://en.wikipedia.orghttps://planetarynames.wr.usgs.gov/Feature/14957
Eminescu,10°40′N 114°13′E﻿ / ﻿10.66°N 114.21°E﻿ / 10.66; 114.21﻿ (Eminescu),129,2008,"Mihai Eminescu, Romanian poet",https://en.wikipedia.orghttps://planetarynames.wr.usgs.gov/Feature/14388
Enheduanna,48°20′N 33°35′W﻿ / ﻿48.34°N 33.59°W﻿ / 48.34; -33.59﻿ (Enheduanna),105,2015,"Enheduanna, Sumerian poet",https://en.wikipedia.orghttps://planetarynames.wr.usgs.gov/Feature/15323
Enwonwu,10°01′S 121°58′E﻿ / ﻿10.01°S 121.96°E﻿ / -10.01; 121.96﻿ (Enwonwu),38,2008,"Ben Enwonwu, Nigerian painter",https://en.wikipedia.orghttps://planetarynames.wr.usgs.gov/Feature/14508
Ensor,82°19′N 17°32′W﻿ / ﻿82.32°N 17.53°W﻿ / 82.32; -17.53﻿ (Ensor),24.92,2013,"James Ensor, Belgian painter",https://en.wikipedia.orghttps://planetarynames.wr.usgs.gov/Feature/15190
Equiano,40°00′S 30°35′W﻿ / ﻿40°S 30.59°W﻿ / -40; -30.59﻿ (Equiano),102,1976,"Olaudah Equiano, Benin writer",https://en.wikipedia.orghttps://planetarynames.wr.usgs.gov/Feature/1819
Erté,27°26′N 117°20′W﻿ / ﻿27.44°N 117.33°W﻿ / 27.44; -117.33﻿ (Erté),48.5,2013,"Erté, Russian-born French artist",https://en.wikipedia.orghttps://planetarynames.wr.usgs.gov/Feature/15141
Faulkner,8°05′N 76°58′E﻿ / ﻿8.08°N 76.97°E﻿ / 8.08; 76.97﻿ (Faulkner),168,2012,"William Faulkner, American author",https://en.wikipedia.orghttps://planetarynames.wr.usgs.gov/Feature/14958
Fet,4°43′S 179°47′E﻿ / ﻿4.72°S 179.78°E﻿ / -4.72; 179.78﻿ (Fet),79,1985,"Afanasy Fet, Russian poet",https://en.wikipedia.orghttps://planetarynames.wr.usgs.gov/Feature/1950
Firdousi,3°28′N 65°19′E﻿ / ﻿3.47°N 65.32°E﻿ / 3.47; 65.32﻿ (Firdousi),98,2010,"Hakim Ferdowsi, Persian poet",https://en.wikipedia.orghttps://planetarynames.wr.usgs.gov/Feature/14648
Flaubert,13°50′S 72°42′W﻿ / ﻿13.83°S 72.7°W﻿ / -13.83; -72.7﻿ (Flaubert),95,1985,"Gustave Flaubert, French author",https://en.wikipedia.orghttps://planetarynames.wr.usgs.gov/Feature/1977
Flaiano,21°17′S 76°44′W﻿ / ﻿21.29°S 76.73°W﻿ / -21.29; -76.73﻿ (Flaiano),43,2013,"Ennio Flaiano, Italian author",https://en.wikipedia.orghttps://planetarynames.wr.usgs.gov/Feature/15099
Fonteyn,32°49′N 95°31′E﻿ / ﻿32.82°N 95.51°E﻿ / 32.82; 95.51﻿ (Fonteyn),29,2012,"Margot Fonteyn, English ballet dancer",https://en.wikipedia.orghttps://planetarynames.wr.usgs.gov/Feature/14959
Freire,73°22′S 214°28′W﻿ / ﻿73.36°S 214.46°W﻿ / -73.36; -214.46﻿ (Freire),51,2024,"María Freire, Uruguayan painter",https://en.wikipedia.orghttps://planetarynames.wr.usgs.gov/Feature/16350
Fuller,82°38′N 42°39′W﻿ / ﻿82.63°N 42.65°W﻿ / 82.63; -42.65﻿ (Fuller),26.97,2013,"Richard Buckminster Fuller, American engineer and architect",https://en.wikipedia.orghttps://planetarynames.wr.usgs.gov/Feature/15148
Futabatei,16°03′S 83°31′W﻿ / ﻿16.05°S 83.52°W﻿ / -16.05; -83.52﻿ (Futabatei),57,1976,"Futabatei Shimei, Japanese author",https://en.wikipedia.orghttps://planetarynames.wr.usgs.gov/Feature/2044
Gainsborough,35°44′S 175°29′E﻿ / ﻿35.73°S 175.48°E﻿ / -35.73; 175.48﻿ (Gainsborough),95,1985,"Thomas Gainsborough, English painter",https://en.wikipedia.orghttps://planetarynames.wr.usgs.gov/Feature/2061
Gaudí,76°54′N 69°10′E﻿ / ﻿76.9°N 69.16°E﻿ / 76.9; 69.16﻿ (Gaudí),81,2012,"Antoni Gaudí i Cornet, Spanish Catalan architect",https://en.wikipedia.orghttps://planetarynames.wr.usgs.gov/Feature/15021
Gauguin,66°22′N 100°01′W﻿ / ﻿66.36°N 100.01°W﻿ / 66.36; -100.01﻿ (Gauguin),70,1979,"Paul Gauguin, French artist",https://en.wikipedia.orghttps://planetarynames.wr.usgs.gov/Feature/2117
Geddes,27°10′N 29°43′W﻿ / ﻿27.17°N 29.72°W﻿ / 27.17; -29.72﻿ (Geddes),84,2010,"Wilhelmina Geddes, Irish stained glass artist",https://en.wikipedia.orghttps://planetarynames.wr.usgs.gov/Feature/14643
Ghiberti,48°33′S 80°09′W﻿ / ﻿48.55°S 80.15°W﻿ / -48.55; -80.15﻿ (Ghiberti),110,1976,"Lorenzo Ghiberti, Italian sculptor",https://en.wikipedia.orghttps://planetarynames.wr.usgs.gov/Feature/2154
Giambologna,42°35′S 124°07′W﻿ / ﻿42.58°S 124.11°W﻿ / -42.58; -124.11﻿ (Giambologna),69,2013,"Giambologna, Flemish sculptor",https://en.wikipedia.orghttps://planetarynames.wr.usgs.gov/Feature/15191
Gibran,35°44′N 111°26′W﻿ / ﻿35.73°N 111.44°W﻿ / 35.73; -111.44﻿ (Gibran),106,2009,"Kahlil Gibran, Lebanese American poet and artist",https://en.wikipedia.orghttps://planetarynames.wr.usgs.gov/Feature/14581
Giotto,12°28′N 56°29′W﻿ / ﻿12.46°N 56.48°W﻿ / 12.46; -56.48﻿ (Giotto),144,1976,"Giotto di Bondone, Italian painter",https://en.wikipedia.orghttps://planetarynames.wr.usgs.gov/Feature/2173
Glinka,14°50′N 112°33′W﻿ / ﻿14.83°N 112.55°W﻿ / 14.83; -112.55﻿ (Glinka),89,2008,"Mikhail Glinka, Russian composer",https://en.wikipedia.orghttps://planetarynames.wr.usgs.gov/Feature/14509
Gluck,37°57′N 18°47′W﻿ / ﻿37.95°N 18.78°W﻿ / 37.95; -18.78﻿ (Gluck),100,1979,"Christoph Willibald Gluck, Austrian composer",https://en.wikipedia.orghttps://planetarynames.wr.usgs.gov/Feature/2194
Goethe,81°06′N 51°02′W﻿ / ﻿81.1°N 51.03°W﻿ / 81.1; -51.03﻿ (Goethe),317.17,1979,"Johann Wolfgang von Goethe, German writer",https://en.wikipedia.orghttps://planetarynames.wr.usgs.gov/Feature/2204
Gogol,28°16′S 147°28′W﻿ / ﻿28.26°S 147.46°W﻿ / -28.26; -147.46﻿ (Gogol),79,1985,"Nikolai Gogol, Russian playwright",https://en.wikipedia.orghttps://planetarynames.wr.usgs.gov/Feature/2206
Gordimer,87°44′N 170°54′W﻿ / ﻿87.73°N 170.9°W﻿ / 87.73; -170.9﻿ (Gogol),58,2019,"Nadine Gordimer, South African writer",https://en.wikipedia.orghttps://planetarynames.wr.usgs.gov/Feature/15865
Goya,6°47′S 152°17′W﻿ / ﻿6.79°S 152.29°W﻿ / -6.79; -152.29﻿ (Goya),138,1976,"Francisco Goya, Spanish artist",https://en.wikipedia.orghttps://planetarynames.wr.usgs.gov/Feature/2229
Grainger,44°05′S 104°49′E﻿ / ﻿44.09°S 104.81°E﻿ / -44.09; 104.81﻿ (Grainger),113,2012,"Percy Grainger, Australian composer",https://en.wikipedia.orghttps://planetarynames.wr.usgs.gov/Feature/14960
Grieg,52°29′N 15°22′W﻿ / ﻿52.49°N 15.36°W﻿ / 52.49; -15.36﻿ (Grieg),59,1985,"Edvard Grieg, Norwegian composer",https://en.wikipedia.orghttps://planetarynames.wr.usgs.gov/Feature/2250
Grotell,71°05′N 31°38′W﻿ / ﻿71.09°N 31.63°W﻿ / 71.09; -31.63﻿ (Grotell),48.25,2012,"Maija Grotell, Finnish and American ceramist",https://en.wikipedia.orghttps://planetarynames.wr.usgs.gov/Feature/14961
Guido d'Arezzo,38°25′S 18°32′W﻿ / ﻿38.41°S 18.53°W﻿ / -38.41; -18.53﻿ (Guido d'Arezzo),58,1976,"Guido of Arezzo, Italian music theorist",https://en.wikipedia.orghttps://planetarynames.wr.usgs.gov/Feature/2270
Hafiz,19°30′N 79°34′E﻿ / ﻿19.5°N 79.56°E﻿ / 19.5; 79.56﻿ (Hafiz),280,2014,"Hafiz of Shiraz, Persian poet",https://en.wikipedia.orghttps://planetarynames.wr.usgs.gov/Feature/15245
Halim,48°52′N 100°56′W﻿ / ﻿48.87°N 100.94°W﻿ / 48.87; -100.94﻿ (Halim),44,2024,"Tahia Halim, Egyptian painter",https://en.wikipedia.orghttps://planetarynames.wr.usgs.gov/Feature/16352
Hals,54°58′S 114°59′W﻿ / ﻿54.96°S 114.99°W﻿ / -54.96; -114.99﻿ (Hals),93,1985,"Frans Hals, Dutch painter",https://en.wikipedia.orghttps://planetarynames.wr.usgs.gov/Feature/2334
Han Kan,72°08′S 146°24′W﻿ / ﻿72.13°S 146.4°W﻿ / -72.13; -146.4﻿ (Han Kan),50,1985,"Han Gan, Chinese painter",https://en.wikipedia.orghttps://planetarynames.wr.usgs.gov/Feature/2343
Handel,3°32′N 34°23′W﻿ / ﻿3.53°N 34.38°W﻿ / 3.53; -34.38﻿ (Handel),138,1976,"George Frideric Handel, German composer",https://en.wikipedia.orghttps://planetarynames.wr.usgs.gov/Feature/2344
Harunobu,14°53′N 140°56′W﻿ / ﻿14.88°N 140.93°W﻿ / 14.88; -140.93﻿ (Harunobu),107,1976,"Suzuki Harunobu, Japanese artist",https://en.wikipedia.orghttps://planetarynames.wr.usgs.gov/Feature/2378
Hauptmann,23°42′S 179°35′E﻿ / ﻿23.7°S 179.59°E﻿ / -23.7; 179.59﻿ (Hauptmann),118,1985,"Gerhart Hauptmann, German playwright",https://en.wikipedia.orghttps://planetarynames.wr.usgs.gov/Feature/2387
Hawthorne,51°19′S 115°20′W﻿ / ﻿51.31°S 115.34°W﻿ / -51.31; -115.34﻿ (Hawthorne),120,1979,"Nathaniel Hawthorne, American novelist",https://en.wikipedia.orghttps://planetarynames.wr.usgs.gov/Feature/2389
Haydn,27°13′S 71°38′W﻿ / ﻿27.22°S 71.64°W﻿ / -27.22; -71.64﻿ (Haydn),251,1976,"Joseph Haydn, Austrian composer",https://en.wikipedia.orghttps://planetarynames.wr.usgs.gov/Feature/2392
Heaney,33°46′S 237°43′W﻿ / ﻿33.77°S 237.71°W﻿ / -33.77; -237.71﻿ (Heaney),125,2017,"Seamus Heaney, Irish poet and playwright",https://en.wikipedia.orghttps://planetarynames.wr.usgs.gov/Feature/15565
Heine,32°28′N 124°53′W﻿ / ﻿32.46°N 124.88°W﻿ / 32.46; -124.88﻿ (Heine),73,1979,"Heinrich Heine, German poet",https://en.wikipedia.orghttps://planetarynames.wr.usgs.gov/Feature/2414
Hemingway,17°23′N 3°08′W﻿ / ﻿17.38°N 3.13°W﻿ / 17.38; -3.13﻿ (Hemingway),126,2009,"Ernest Hemingway, American writer",https://en.wikipedia.orghttps://planetarynames.wr.usgs.gov/Feature/14582
Henri,79°41′N 152°59′E﻿ / ﻿79.68°N 152.98°E﻿ / 79.68; 152.98﻿ (Henri),163.8,2012,"Robert Henri, American painter",https://en.wikipedia.orghttps://planetarynames.wr.usgs.gov/Feature/14962
Hesiod,58°16′S 34°15′W﻿ / ﻿58.27°S 34.25°W﻿ / -58.27; -34.25﻿ (Hesiod),101,1976,"Hesiod, Ancient Greek poet",https://en.wikipedia.orghttps://planetarynames.wr.usgs.gov/Feature/2484
Hiroshige,13°20′S 26°58′W﻿ / ﻿13.34°S 26.96°W﻿ / -13.34; -26.96﻿ (Hiroshige),138,1976,"Andō Hiroshige, Japanese artist",https://en.wikipedia.orghttps://planetarynames.wr.usgs.gov/Feature/2523
Hitomaro,16°04′S 15°39′W﻿ / ﻿16.07°S 15.65°W﻿ / -16.07; -15.65﻿ (Hitomaro),105,1976,"Kakinomoto no Hitomaro, Japanese poet",https://en.wikipedia.orghttps://planetarynames.wr.usgs.gov/Feature/2526
Hodgkins,29°07′N 17°58′E﻿ / ﻿29.12°N 17.97°E﻿ / 29.12; 17.97﻿ (Hodgkins),19,2009,"Frances Hodgkins, New Zealand painter",https://en.wikipedia.orghttps://planetarynames.wr.usgs.gov/Feature/14583
Hokusai,57°50′N 16°39′E﻿ / ﻿57.84°N 16.65°E﻿ / 57.84; 16.65﻿ (Hokusai),114,2010,"Katsushika Hokusai, Japanese painter",https://en.wikipedia.orghttps://planetarynames.wr.usgs.gov/Feature/14644
Holbein,36°10′N 29°50′W﻿ / ﻿36.16°N 29.84°W﻿ / 36.16; -29.84﻿ (Holbein),115,1979,"Hans Holbein the Younger, German artist",https://en.wikipedia.orghttps://planetarynames.wr.usgs.gov/Feature/2536
Holberg,67°22′S 59°34′W﻿ / ﻿67.37°S 59.57°W﻿ / -67.37; -59.57﻿ (Holberg),64,1976,"Ludvig Holberg, Danish writer",https://en.wikipedia.orghttps://planetarynames.wr.usgs.gov/Feature/2537
Holst,17°25′S 44°58′E﻿ / ﻿17.42°S 44.96°E﻿ / -17.42; 44.96﻿ (Holst),170,2012,"Gustav Holst, British composer",https://en.wikipedia.orghttps://planetarynames.wr.usgs.gov/Feature/14963
Homer,1°18′S 36°37′W﻿ / ﻿1.3°S 36.62°W﻿ / -1.3; -36.62﻿ (Homer),319,1976,"Homer, Ancient Greek poet",https://en.wikipedia.orghttps://planetarynames.wr.usgs.gov/Feature/2545
Hopper,12°26′S 55°58′W﻿ / ﻿12.44°S 55.96°W﻿ / -12.44; -55.96﻿ (Hopper),36,2012,"Edward Hopper, American painter",https://en.wikipedia.orghttps://planetarynames.wr.usgs.gov/Feature/15080
Horace,69°20′S 50°01′W﻿ / ﻿69.34°S 50.02°W﻿ / -69.34; -50.02﻿ (Horace),56,1976,"Horace, Roman poet",https://en.wikipedia.orghttps://planetarynames.wr.usgs.gov/Feature/2552
Hovnatanian,7°41′S 172°43′E﻿ / ﻿7.68°S 172.71°E﻿ / -7.68; 172.71﻿ (Hovnatanian),34,2008,"Hakob Hovnatanian, Armenian painter",https://en.wikipedia.orghttps://planetarynames.wr.usgs.gov/Feature/14510
Hugo,39°37′N 48°29′W﻿ / ﻿39.61°N 48.49°W﻿ / 39.61; -48.49﻿ (Hugo),206,1979,"Victor Hugo, French writer",https://en.wikipedia.orghttps://planetarynames.wr.usgs.gov/Feature/2576
Hun Kal,0°28′S 19°56′W﻿ / ﻿0.47°S 19.93°W﻿ / -0.47; -19.93﻿ (Hun Kal),0.93,1976,'20' in the language of the Maya (serves as Mercury's a meridian reference point),https://en.wikipedia.orghttps://planetarynames.wr.usgs.gov/Feature/2584
Hurley,87°22′S 6°59′W﻿ / ﻿87.36°S 6.99°W﻿ / -87.36; -6.99﻿ (Hurley),67,2013,"Frank Hurley, Australian photographer",https://en.wikipedia.orghttps://planetarynames.wr.usgs.gov/Feature/15100
Ibsen,24°21′S 35°53′W﻿ / ﻿24.35°S 35.89°W﻿ / -24.35; -35.89﻿ (Ibsen),159,1976,"Henrik Ibsen, Norwegian playwright",https://en.wikipedia.orghttps://planetarynames.wr.usgs.gov/Feature/2638
Ictinus,79°34′S 174°14′W﻿ / ﻿79.56°S 174.24°W﻿ / -79.56; -174.24﻿ (Ictinus),58.03,1976,"Iktinos, Ancient Greek architect",https://en.wikipedia.orghttps://planetarynames.wr.usgs.gov/Feature/2645
Imhotep,17°58′S 37°29′W﻿ / ﻿17.97°S 37.48°W﻿ / -17.97; -37.48﻿ (Imhotep),159,1976,"Imhotep, Ancient Egyptian architect",https://en.wikipedia.orghttps://planetarynames.wr.usgs.gov/Feature/2678
Ives,32°52′S 111°59′W﻿ / ﻿32.87°S 111.99°W﻿ / -32.87; -111.99﻿ (Ives),18,1979,"Charles Ives, American composer",https://en.wikipedia.orghttps://planetarynames.wr.usgs.gov/Feature/2761
Izquierdo,1°40′S 107°02′E﻿ / ﻿1.66°S 107.04°E﻿ / -1.66; 107.04﻿ (Izquierdo),174,2009,"María Izquierdo, Mexican painter",https://en.wikipedia.orghttps://planetarynames.wr.usgs.gov/Feature/14584
Janáček,55°43′N 154°51′W﻿ / ﻿55.72°N 154.85°W﻿ / 55.72; -154.85﻿ (Janáček),47,1985,"Leoš Janáček, Czech composer",https://en.wikipedia.orghttps://planetarynames.wr.usgs.gov/Feature/2804
Jiménez,81°50′N 152°19′W﻿ / ﻿81.83°N 152.31°W﻿ / 81.83; -152.31﻿ (Jiménez),27,2019,"Juan Ramón Jiménez, Spanish poet and author",https://en.wikipedia.orghttps://planetarynames.wr.usgs.gov/Feature/15857
Jókai,71°56′N 138°27′W﻿ / ﻿71.93°N 138.45°W﻿ / 71.93; -138.45﻿ (Jókai),93,1979,"Mór Jókai, Hungarian writer",https://en.wikipedia.orghttps://planetarynames.wr.usgs.gov/Feature/2877
Jobim,32°27′N 66°53′W﻿ / ﻿32.45°N 66.88°W﻿ / 32.45; -66.88﻿ (Jobim),167,2015,"Antônio Carlos Jobim, Brazilian composer",https://en.wikipedia.orghttps://planetarynames.wr.usgs.gov/Feature/15393
Joplin,38°34′S 25°31′E﻿ / ﻿38.56°S 25.51°E﻿ / -38.56; 25.51﻿ (Joplin),139,2012,"Scott Joplin, American composer",https://en.wikipedia.orghttps://planetarynames.wr.usgs.gov/Feature/15081
Josetsu,83°35′N 134°56′W﻿ / ﻿83.58°N 134.93°W﻿ / 83.58; -134.93﻿ (Josetsu),30,2019,"Taikō Josetsu, Japanese ink painter",https://en.wikipedia.orghttps://planetarynames.wr.usgs.gov/Feature/15855
Judah Ha-Levi,10°47′N 108°01′W﻿ / ﻿10.79°N 108.01°W﻿ / 10.79; -108.01﻿ (Judah Ha-Levi),85,1976,"Yehuda Halevi, Spanish-Jewish writer",https://en.wikipedia.orghttps://planetarynames.wr.usgs.gov/Feature/2853
Kandinsky,87°53′N 78°47′E﻿ / ﻿87.89°N 78.78°E﻿ / 87.89; 78.78﻿ (Kandinsky),60,2012,"Wassily Kandinsky, Russian painter",https://en.wikipedia.orghttps://planetarynames.wr.usgs.gov/Feature/15022
Karsh,35°29′S 78°51′E﻿ / ﻿35.49°S 78.85°E﻿ / -35.49; 78.85﻿ (Karsh),58,2015,"Yousuf Karsh, Armenian-Canadian photographer",https://en.wikipedia.orghttps://planetarynames.wr.usgs.gov/Feature/15324
Kālidāsā,18°13′S 179°49′W﻿ / ﻿18.21°S 179.82°W﻿ / -18.21; -179.82﻿ (Kālidāsā),160,1976,"Kālidāsa, Sanskrit writer",https://en.wikipedia.orghttps://planetarynames.wr.usgs.gov/Feature/3180
Keats,70°19′S 156°39′W﻿ / ﻿70.31°S 156.65°W﻿ / -70.31; -156.65﻿ (Keats),107.85,1976,"John Keats, English poet",https://en.wikipedia.orghttps://planetarynames.wr.usgs.gov/Feature/2975
Kenkō,21°21′S 16°10′W﻿ / ﻿21.35°S 16.16°W﻿ / -21.35; -16.16﻿ (Kenkō),105,1976,"Yoshida Kenkō, Japanese writer",https://en.wikipedia.orghttps://planetarynames.wr.usgs.gov/Feature/2987
Kerouac,25°13′N 129°06′E﻿ / ﻿25.21°N 129.1°E﻿ / 25.21; 129.1﻿ (Kerouac),110,2015,"Jack Kerouac, American writer",https://en.wikipedia.orghttps://planetarynames.wr.usgs.gov/Feature/15416
Kertész,27°22′N 146°05′E﻿ / ﻿27.37°N 146.08°E﻿ / 27.37; 146.08﻿ (Kertész),32,2008,"André Kertész, Hungarian photographer",https://en.wikipedia.orghttps://planetarynames.wr.usgs.gov/Feature/14398
Khansa,58°57′S 51°56′W﻿ / ﻿58.95°S 51.94°W﻿ / -58.95; -51.94﻿ (Khansa),113,1976,"Al-Khansa, Arabic poet",https://en.wikipedia.orghttps://planetarynames.wr.usgs.gov/Feature/3005
Kipling,19°22′S 72°01′E﻿ / ﻿19.37°S 72.02°E﻿ / -19.37; 72.02﻿ (Kipling),164,2010,"Rudyard Kipling, English author",https://en.wikipedia.orghttps://planetarynames.wr.usgs.gov/Feature/14646
Kirby,82°58′N 151°19′W﻿ / ﻿82.96°N 151.32°W﻿ / 82.96; -151.32﻿ (Kipling),31,2019,"Jack Kirby, American illustrator",https://en.wikipedia.orghttps://planetarynames.wr.usgs.gov/Feature/15858
Kobro,82°10′S 81°13′E﻿ / ﻿82.16°S 81.22°E﻿ / -82.16; 81.22﻿ (Kobro),54,2012,"Katarzyna Kobro, Polish sculptor",https://en.wikipedia.orghttps://planetarynames.wr.usgs.gov/Feature/15082
Kofi,56°45′N 117°52′E﻿ / ﻿56.75°N 117.87°E﻿ / 56.75; 117.87﻿ (Kofi),136,2012,"Vincent Kofi, Ghanaian sculptor",https://en.wikipedia.orghttps://planetarynames.wr.usgs.gov/Feature/14964
Komeda,82°44′S 90°28′E﻿ / ﻿82.74°S 90.47°E﻿ / -82.74; 90.47﻿ (Komeda),54,2012,"Krzysztof Komeda, Polish composer",https://en.wikipedia.orghttps://planetarynames.wr.usgs.gov/Feature/15083
Kōshō,59°56′N 139°52′W﻿ / ﻿59.93°N 139.87°W﻿ / 59.93; -139.87﻿ (Kōshō),64,1985,"Kōshō, Japanese sculptor",https://en.wikipedia.orghttps://planetarynames.wr.usgs.gov/Feature/3181
Kuan Han-Chʻing,29°26′N 53°40′W﻿ / ﻿29.44°N 53.67°W﻿ / 29.44; -53.67﻿ (Kuan Han-Chʻing),143,1979,"Guan Hanqing, Chinese playwright",https://en.wikipedia.orghttps://planetarynames.wr.usgs.gov/Feature/3131
Kuiper,11°20′S 31°19′W﻿ / ﻿11.34°S 31.32°W﻿ / -11.34; -31.32﻿ (Kuiper),62,1976,"Gerard Kuiper, American astronomer",https://en.wikipedia.orghttps://planetarynames.wr.usgs.gov/Feature/3140
Kulthum,50°43′N 93°32′E﻿ / ﻿50.72°N 93.53°E﻿ / 50.72; 93.53﻿ (Kulthum),31,2015,"Umm Kulthum, Egyptian singer",https://en.wikipedia.orghttps://planetarynames.wr.usgs.gov/Feature/15322
Kunisada,1°22′N 113°01′E﻿ / ﻿1.37°N 113.02°E﻿ / 1.37; 113.02﻿ (Kunisada),241.45,2009,"Utagawa Kunisada, Japanese woodblock printmaker",https://en.wikipedia.orghttps://planetarynames.wr.usgs.gov/Feature/14585
Kuniyoshi,57°52′S 37°29′W﻿ / ﻿57.87°S 37.49°W﻿ / -57.87; -37.49﻿ (Kuniyoshi),27,2014,"Utagawa Kuniyoshi, Japanese painter and printmaker",https://en.wikipedia.orghttps://planetarynames.wr.usgs.gov/Feature/15237
Kurosawa,52°26′S 21°29′W﻿ / ﻿52.44°S 21.49°W﻿ / -52.44; -21.49﻿ (Kurosawa),152,1976,"Kinko Kurosawa, Japanese musician",https://en.wikipedia.orghttps://planetarynames.wr.usgs.gov/Feature/3169
Kyōsai,25°09′N 4°52′E﻿ / ﻿25.15°N 4.86°E﻿ / 25.15; 4.86﻿ (Kyōsai),39,2012,"Kawanabe Kyōsai, Japanese artist",https://en.wikipedia.orghttps://planetarynames.wr.usgs.gov/Feature/15084
Lange,6°17′N 100°28′E﻿ / ﻿6.28°N 100.47°E﻿ / 6.28; 100.47﻿ (Lange),176.23,2009,"Dorothea Lange, American photographer",https://en.wikipedia.orghttps://planetarynames.wr.usgs.gov/Feature/14586
Larrocha,43°17′N 69°50′W﻿ / ﻿43.29°N 69.83°W﻿ / 43.29; -69.83﻿ (Larrocha),196,2013,"Alicia de Larrocha, Spanish pianist",https://en.wikipedia.orghttps://planetarynames.wr.usgs.gov/Feature/15142
Laxness,83°16′N 50°02′W﻿ / ﻿83.27°N 50.04°W﻿ / 83.27; -50.04﻿ (Laxness),25.89,2013,"Halldór Laxness, Icelandic writer",https://en.wikipedia.orghttps://planetarynames.wr.usgs.gov/Feature/15143
Le Guin,18°46′S 102°44′W﻿ / ﻿18.76°S 102.74°W﻿ / -18.76; -102.74﻿ (Le Guin),61,2024,"Ursula K. Le Guin, American author",https://en.wikipedia.orghttps://planetarynames.wr.usgs.gov/Feature/16354
L'Engle,86°38′S 69°37′E﻿ / ﻿86.63°S 69.62°E﻿ / -86.63; 69.62﻿ (L'Engle),62,2013,"Madeleine L'Engle, American author",https://en.wikipedia.orghttps://planetarynames.wr.usgs.gov/Feature/15101
Lennon,36°25′S 41°11′E﻿ / ﻿36.41°S 41.18°E﻿ / -36.41; 41.18﻿ (Lennon),95,2013,"John Lennon, former Beatles member[9][10]",https://en.wikipedia.orghttps://planetarynames.wr.usgs.gov/Feature/15192
Lennon–Picasso Basin,17°25′S 44°58′E﻿ / ﻿17.42°S 44.96°E﻿ / -17.42; 44.96﻿ (Lennon),1450,2018,John Lennon and Pablo Picasso,https://en.wikipedia.org#cite_note-12
Leopardi,72°46′S 175°10′E﻿ / ﻿72.76°S 175.16°E﻿ / -72.76; 175.16﻿ (Leopardi),71.45,1976,"Giacomo Leopardi, Italian writer",https://en.wikipedia.orghttps://planetarynames.wr.usgs.gov/Feature/3353
Lermontov,15°14′N 48°56′W﻿ / ﻿15.24°N 48.94°W﻿ / 15.24; -48.94﻿ (Lermontov),166,1976,"Mikhail Lermontov, Russian writer",https://en.wikipedia.orghttps://planetarynames.wr.usgs.gov/Feature/3356
Lessing,28°30′S 90°20′W﻿ / ﻿28.5°S 90.34°W﻿ / -28.5; -90.34﻿ (Lessing),95,1985,"Gotthold Ephraim Lessing, German dramatist",https://en.wikipedia.orghttps://planetarynames.wr.usgs.gov/Feature/3360
Li Chʻing-Chao,77°58′S 71°10′W﻿ / ﻿77.96°S 71.17°W﻿ / -77.96; -71.17﻿ (Li Chʻing-Chao),69,1976,"Li Qingzhao, Chinese writer",https://en.wikipedia.orghttps://planetarynames.wr.usgs.gov/Feature/3378
Li Po,17°06′N 35°41′W﻿ / ﻿17.1°N 35.69°W﻿ / 17.1; -35.69﻿ (Li Po),126,1976,"Li Bai, Chinese poet",https://en.wikipedia.orghttps://planetarynames.wr.usgs.gov/Feature/3380
Liang Kʻai,39°53′S 175°50′E﻿ / ﻿39.89°S 175.84°E﻿ / -39.89; 175.84﻿ (Liang Kʻai),145,1979,"Liang Kai, Chinese artist",https://en.wikipedia.orghttps://planetarynames.wr.usgs.gov/Feature/3383
Lismer,81°31′N 166°22′E﻿ / ﻿81.51°N 166.37°E﻿ / 81.51; 166.37﻿ (Lismer),139.12,2012,"Arthur Lismer, Canadian painter",https://en.wikipedia.orghttps://planetarynames.wr.usgs.gov/Feature/14956
Liszt,16°08′S 168°20′W﻿ / ﻿16.13°S 168.34°W﻿ / -16.13; -168.34﻿ (Liszt),79,1985,"Franz Liszt, Hungarian composer",https://en.wikipedia.orghttps://planetarynames.wr.usgs.gov/Feature/3424
Lorde,69°07′S 49°28′W﻿ / ﻿69.12°S 49.47°W﻿ / -69.12; -49.47﻿ (Lorde),45,2022,"Audre Lorde, American writer",https://en.wikipedia.orghttps://planetarynames.wr.usgs.gov/Feature/16065
Lovecraft,86°14′S 73°49′W﻿ / ﻿86.24°S 73.82°W﻿ / -86.24; -73.82﻿ (Lovecraft),51.97,2013,"H. P. Lovecraft, American author",https://en.wikipedia.orghttps://planetarynames.wr.usgs.gov/Feature/15102
Lu Hsun,0°01′S 23°46′W﻿ / ﻿0.01°S 23.76°W﻿ / -0.01; -23.76﻿ (Lu Hsun),96,1976,"Lu Xun, Chinese writer",https://en.wikipedia.orghttps://planetarynames.wr.usgs.gov/Feature/3495
Lysippus,1°02′N 132°45′W﻿ / ﻿1.03°N 132.75°W﻿ / 1.03; -132.75﻿ (Lysippus),155,1976,"Lysippos, Ancient Greek sculptor",https://en.wikipedia.orghttps://planetarynames.wr.usgs.gov/Feature/3540
Ma Chih-Yuan,60°01′S 78°01′W﻿ / ﻿60.01°S 78.01°W﻿ / -60.01; -78.01﻿ (Ma Chih-Yuan),197,1976,"Ma Zhiyuan, Chinese writer",https://en.wikipedia.orghttps://planetarynames.wr.usgs.gov/Feature/3543
Machaut,2°03′S 82°22′W﻿ / ﻿2.05°S 82.37°W﻿ / -2.05; -82.37﻿ (Machaut),104,1976,"Guillaume de Machaut, French poet and composer",https://en.wikipedia.orghttps://planetarynames.wr.usgs.gov/Feature/3555
MacNicol,68°11′S 355°57′W﻿ / ﻿68.19°S 355.95°W﻿ / -68.19; -355.95﻿ (MacNicol),42,2022,"Bessie MacNicol, Scottish painter",https://en.wikipedia.orghttps://planetarynames.wr.usgs.gov/Feature/16097
Magritte,72°47′S 121°38′E﻿ / ﻿72.78°S 121.63°E﻿ / -72.78; 121.63﻿ (Magritte),149,2012,"René Magritte, Belgian painter",https://en.wikipedia.orghttps://planetarynames.wr.usgs.gov/Feature/14965
Mahler,19°41′S 18°49′W﻿ / ﻿19.68°S 18.82°W﻿ / -19.68; -18.82﻿ (Mahler),104,1976,"Gustav Mahler, Bohemian composer",https://en.wikipedia.orghttps://planetarynames.wr.usgs.gov/Feature/3592
Mansart,72°43′N 123°22′W﻿ / ﻿72.72°N 123.36°W﻿ / 72.72; -123.36﻿ (Mansart),84.97,1979,"Jules Hardouin-Mansart, French architect",https://en.wikipedia.orghttps://planetarynames.wr.usgs.gov/Feature/3636
Mansur,47°25′N 163°37′W﻿ / ﻿47.41°N 163.61°W﻿ / 47.41; -163.61﻿ (Mansur),95,1979,"Ustad Mansur, Mughal artist",https://en.wikipedia.orghttps://planetarynames.wr.usgs.gov/Feature/3638
March,30°57′N 176°18′W﻿ / ﻿30.95°N 176.3°W﻿ / 30.95; -176.3﻿ (March),83,1979,"Ausiàs March, Catalan poet",https://en.wikipedia.orghttps://planetarynames.wr.usgs.gov/Feature/3656
Mark Twain,10°55′S 138°17′W﻿ / ﻿10.91°S 138.28°W﻿ / -10.91; -138.28﻿ (Mark Twain),142,1976,"Mark Twain, American novelist",https://en.wikipedia.orghttps://planetarynames.wr.usgs.gov/Feature/3718
Martí,75°58′S 168°16′W﻿ / ﻿75.96°S 168.26°W﻿ / -75.96; -168.26﻿ (Martí),69.48,1976,"José Martí, Cuban writer",https://en.wikipedia.orghttps://planetarynames.wr.usgs.gov/Feature/3730
Martins,8°00′S 304°56′W﻿ / ﻿8°S 304.93°W﻿ / -8; -304.93﻿ (Martí),12.4,2019,"Maria Martins, Brazilian sculptor",https://en.wikipedia.orghttps://planetarynames.wr.usgs.gov/Feature/15846
Martial,68°28′N 178°20′W﻿ / ﻿68.47°N 178.33°W﻿ / 68.47; -178.33﻿ (Martial),51,1979,"Martial, Roman poet",https://en.wikipedia.orghttps://planetarynames.wr.usgs.gov/Feature/3726
Matabei,39°51′S 14°03′W﻿ / ﻿39.85°S 14.05°W﻿ / -39.85; -14.05﻿ (Matabei),24,2009,"Iwasa Matabei, Japanese painter",https://en.wikipedia.orghttps://planetarynames.wr.usgs.gov/Feature/14587
Matisse,23°50′S 90°03′W﻿ / ﻿23.83°S 90.05°W﻿ / -23.83; -90.05﻿ (Matisse),189.04,1976,"Henri Matisse, French painter",https://en.wikipedia.orghttps://planetarynames.wr.usgs.gov/Feature/3750
Melville,22°01′N 9°53′W﻿ / ﻿22.01°N 9.89°W﻿ / 22.01; -9.89﻿ (Melville),146,1976,"Herman Melville, American novelist",https://en.wikipedia.orghttps://planetarynames.wr.usgs.gov/Feature/3824
Mena,0°10′S 124°44′W﻿ / ﻿0.17°S 124.73°W﻿ / -0.17; -124.73﻿ (Mena),15,1976,"Juan de Mena, Spanish poet",https://en.wikipedia.orghttps://planetarynames.wr.usgs.gov/Feature/3830
Mendelssohn,70°04′N 257°27′W﻿ / ﻿70.07°N 257.45°W﻿ / 70.07; -257.45﻿ (Mendelssohn),291,2012,"Felix Mendelssohn, German composer",https://en.wikipedia.orghttps://planetarynames.wr.usgs.gov/Feature/14966
Mendes Pinto,61°39′S 17°34′W﻿ / ﻿61.65°S 17.57°W﻿ / -61.65; -17.57﻿ (Mendes Pinto),192,1976,"Fernão Mendes Pinto, Portuguese writer",https://en.wikipedia.orghttps://planetarynames.wr.usgs.gov/Feature/3838
Michelangelo,44°55′S 109°47′W﻿ / ﻿44.92°S 109.78°W﻿ / -44.92; -109.78﻿ (Michelangelo),229.71,1979,"Michelangelo, Italian artist",https://en.wikipedia.orghttps://planetarynames.wr.usgs.gov/Feature/3881
Mickiewicz,23°09′N 103°14′W﻿ / ﻿23.15°N 103.23°W﻿ / 23.15; -103.23﻿ (Mickiewicz),103,1976,"Adam Mickiewicz, Polish writer",https://en.wikipedia.orghttps://planetarynames.wr.usgs.gov/Feature/3884
Milton,26°06′S 175°02′W﻿ / ﻿26.1°S 175.03°W﻿ / -26.1; -175.03﻿ (Milton),180.85,1976,"John Milton, English poet",https://en.wikipedia.orghttps://planetarynames.wr.usgs.gov/Feature/3906
Mistral,4°42′N 54°40′W﻿ / ﻿4.7°N 54.67°W﻿ / 4.7; -54.67﻿ (Mistral),102,1976,"Gabriela Mistral, Chilean poet",https://en.wikipedia.orghttps://planetarynames.wr.usgs.gov/Feature/3929
Mofolo,37°41′S 28°13′W﻿ / ﻿37.68°S 28.22°W﻿ / -37.68; -28.22﻿ (Mofolo),103,1976,"Thomas Mofolo, Lesotho writer",https://en.wikipedia.orghttps://planetarynames.wr.usgs.gov/Feature/3944
Molière,15°24′N 17°43′W﻿ / ﻿15.4°N 17.71°W﻿ / 15.4; -17.71﻿ (Molière),139,1976,"Molière, French playwright",https://en.wikipedia.orghttps://planetarynames.wr.usgs.gov/Feature/3954
Monet,44°14′N 9°46′W﻿ / ﻿44.23°N 9.77°W﻿ / 44.23; -9.77﻿ (Monet),203,1979,"Claude Monet, French artist",https://en.wikipedia.orghttps://planetarynames.wr.usgs.gov/Feature/3964
Monk,66°05′N 63°49′E﻿ / ﻿66.08°N 63.81°E﻿ / 66.08; 63.81﻿ (Monk),12,2013,"Thelonious Monk, American jazz musician",https://en.wikipedia.orghttps://planetarynames.wr.usgs.gov/Feature/15144
Monteverdi,64°29′N 81°01′W﻿ / ﻿64.49°N 81.01°W﻿ / 64.49; -81.01﻿ (Monteverdi),134,1979,"Claudio Monteverdi, Italian composer",https://en.wikipedia.orghttps://planetarynames.wr.usgs.gov/Feature/4022
Moody,13°13′S 144°51′E﻿ / ﻿13.21°S 144.85°E﻿ / -13.21; 144.85﻿ (Moody),83,2008,"Ronald Moody, Jamaican painter",https://en.wikipedia.orghttps://planetarynames.wr.usgs.gov/Feature/14512
Morrison,79°40′N 232°34′E﻿ / ﻿79.66°N 232.57°E﻿ / 79.66; 232.57﻿ (Moody),35,2022,Toni Morrison; American author,https://en.wikipedia.orghttps://planetarynames.wr.usgs.gov/Feature/16098
Mozart,7°45′N 169°25′E﻿ / ﻿7.75°N 169.41°E﻿ / 7.75; 169.41﻿ (Mozart),241,1976,"Wolfgang Amadeus Mozart, Austrian composer",https://en.wikipedia.orghttps://planetarynames.wr.usgs.gov/Feature/4058
Munch,40°29′N 152°49′E﻿ / ﻿40.48°N 152.82°E﻿ / 40.48; 152.82﻿ (Munch),57,2008,"Edvard Munch, Norwegian painter",https://en.wikipedia.orghttps://planetarynames.wr.usgs.gov/Feature/14513
Munkácsy,21°57′N 101°08′E﻿ / ﻿21.95°N 101.14°E﻿ / 21.95; 101.14﻿ (Munkácsy),193,2009,"Mihály Munkácsy, Hungarian painter",https://en.wikipedia.orghttps://planetarynames.wr.usgs.gov/Feature/14588
Murasaki,12°32′S 30°24′W﻿ / ﻿12.54°S 30.4°W﻿ / -12.54; -30.4﻿ (Murasaki),132,1976,"Murasaki Shikibu, Japanese writer",https://en.wikipedia.orghttps://planetarynames.wr.usgs.gov/Feature/4071
Mussorgskij,32°49′N 97°39′W﻿ / ﻿32.82°N 97.65°W﻿ / 32.82; -97.65﻿ (Mussorgskij),115,1979,"Modest Mussorgsky, Russian composer",https://en.wikipedia.orghttps://planetarynames.wr.usgs.gov/Feature/4079
Myron,71°13′N 84°52′W﻿ / ﻿71.21°N 84.86°W﻿ / 71.21; -84.86﻿ (Myron),25,1979,"Myron, Ancient Greek sculptor",https://en.wikipedia.orghttps://planetarynames.wr.usgs.gov/Feature/4088
Nabokov,14°34′S 55°46′E﻿ / ﻿14.56°S 55.76°E﻿ / -14.56; 55.76﻿ (Nabokov),166,2012,"Vladimir Nabokov, Russian and American writer",https://en.wikipedia.orghttps://planetarynames.wr.usgs.gov/Feature/14967
Nairne,70°20′S 1°35′E﻿ / ﻿70.34°S 1.59°E﻿ / -70.34; 1.59﻿ (Nairne),56,2022,"Carolina Nairne, Scottish songwriter",https://en.wikipedia.orghttps://planetarynames.wr.usgs.gov/Feature/16052
Namatjira,58°49′N 33°02′W﻿ / ﻿58.82°N 33.04°W﻿ / 58.82; -33.04﻿ (Namatjira),34,2015,"Albert Namatjira, Australian Aboriginal artist",https://en.wikipedia.orghttps://planetarynames.wr.usgs.gov/Feature/15394
Nampeyo,40°20′S 49°58′W﻿ / ﻿40.33°S 49.96°W﻿ / -40.33; -49.96﻿ (Nampeyo),49,1976,"Nampeyo, Hopi potter",https://en.wikipedia.orghttps://planetarynames.wr.usgs.gov/Feature/4131
Navoi,58°49′N 160°25′E﻿ / ﻿58.82°N 160.41°E﻿ / 58.82; 160.41﻿ (Navoi),69,2008,"Ali-Shir Nava'i, Uzbek poet",https://en.wikipedia.orghttps://planetarynames.wr.usgs.gov/Feature/14514
Nāwahī,35°53′N 145°16′E﻿ / ﻿35.88°N 145.26°E﻿ / 35.88; 145.26﻿ (Nāwahī),38,2008,"Joseph Nāwahī, Hawaiian painter",https://en.wikipedia.orghttps://planetarynames.wr.usgs.gov/Feature/14515
Neruda,52°40′S 125°47′E﻿ / ﻿52.66°S 125.79°E﻿ / -52.66; 125.79﻿ (Neruda),112,2008,"Jan Neruda, Czech poet and writer, and Johann Baptist Georg Neruda, Czech composer",https://en.wikipedia.orghttps://planetarynames.wr.usgs.gov/Feature/14391
Nervo,42°42′N 179°53′W﻿ / ﻿42.7°N 179.89°W﻿ / 42.7; -179.89﻿ (Nervo),66,1979,"Amado Nervo, Mexican poet",https://en.wikipedia.orghttps://planetarynames.wr.usgs.gov/Feature/4220
Neumann,37°13′S 34°34′W﻿ / ﻿37.22°S 34.56°W﻿ / -37.22; -34.56﻿ (Neumann),122,1976,"Johann Balthasar Neumann, German architect",https://en.wikipedia.orghttps://planetarynames.wr.usgs.gov/Feature/4225
Nizāmī,70°28′N 166°43′W﻿ / ﻿70.46°N 166.71°W﻿ / 70.46; -166.71﻿ (Nizāmī),77,1979,"Nizami, Persian poet",https://en.wikipedia.orghttps://planetarynames.wr.usgs.gov/Feature/4315
Nureyev,11°41′N 173°08′W﻿ / ﻿11.68°N 173.13°W﻿ / 11.68; -173.13﻿ (Nureyev),16,2012,"Rudolf Nureyev, Soviet and British ballet dancer",https://en.wikipedia.orghttps://planetarynames.wr.usgs.gov/Feature/14968
Ōkyo,70°03′S 74°40′W﻿ / ﻿70.05°S 74.66°W﻿ / -70.05; -74.66﻿ (Ōkyo),66,1985,"Maruyama Ōkyo, Japanese painter",https://en.wikipedia.orghttps://planetarynames.wr.usgs.gov/Feature/6938
Oskison,60°22′N 145°14′E﻿ / ﻿60.36°N 145.24°E﻿ / 60.36; 145.24﻿ (Oskison),122,2008,"John Milton Oskison, Cherokee author",https://en.wikipedia.orghttps://planetarynames.wr.usgs.gov/Feature/14516
Ovid,69°46′S 20°14′W﻿ / ﻿69.77°S 20.23°W﻿ / -69.77; -20.23﻿ (Ovid),41,1976,"Ovid, Roman poet",https://en.wikipedia.orghttps://planetarynames.wr.usgs.gov/Feature/4532
Pahinui,28°10′S 213°13′W﻿ / ﻿28.16°S 213.21°W﻿ / -28.16; -213.21﻿ (Pahinui),54,2013,"Gabby Pahinui, Hawaiian slack-key guitarist and singer",https://en.wikipedia.orghttps://planetarynames.wr.usgs.gov/Feature/15103
Pasch,46°07′N 134°45′E﻿ / ﻿46.12°N 134.75°E﻿ / 46.12; 134.75﻿ (Pasch),37,2012,"Ulrika Pasch, Swedish painter",https://en.wikipedia.orghttps://planetarynames.wr.usgs.gov/Feature/14969
Petipa,11°32′N 21°03′E﻿ / ﻿11.54°N 21.05°E﻿ / 11.54; 21.05﻿ (Petipa),12,2012,"Marius Petipa, French and Russian choreographer and dancer",https://en.wikipedia.orghttps://planetarynames.wr.usgs.gov/Feature/14970
Petőfi,83°33′S 119°21′E﻿ / ﻿83.55°S 119.35°E﻿ / -83.55; 119.35﻿ (Petőfi),61,2013,"Sándor Petőfi, Hungarian poet",https://en.wikipedia.orghttps://planetarynames.wr.usgs.gov/Feature/15104
Petrarch,30°31′S 26°17′W﻿ / ﻿30.52°S 26.29°W﻿ / -30.52; -26.29﻿ (Petrarch),167,1976,"Petrarch, Italian poet",https://en.wikipedia.orghttps://planetarynames.wr.usgs.gov/Feature/4672
Petronius,86°04′N 40°31′W﻿ / ﻿86.06°N 40.51°W﻿ / 86.06; -40.51﻿ (Petronius),36,2012,"Petronius, Roman author",https://en.wikipedia.orghttps://planetarynames.wr.usgs.gov/Feature/15023
Phidias,8°58′N 149°44′W﻿ / ﻿8.97°N 149.73°W﻿ / 8.97; -149.73﻿ (Phidias),168,1976,"Phidias, Ancient Greek artist and architect",https://en.wikipedia.orghttps://planetarynames.wr.usgs.gov/Feature/4686
Philoxenus,8°41′S 111°45′W﻿ / ﻿8.68°S 111.75°W﻿ / -8.68; -111.75﻿ (Philoxenus),87,1976,"Philoxenus of Cythera, Ancient Greek poet",https://en.wikipedia.orghttps://planetarynames.wr.usgs.gov/Feature/4693
Picasso,3°26′N 50°14′E﻿ / ﻿3.44°N 50.24°E﻿ / 3.44; 50.24﻿ (Picasso),134,2010,"Pablo Picasso, Spanish painter",https://en.wikipedia.orghttps://planetarynames.wr.usgs.gov/Feature/14645
Pigalle,37°39′S 9°38′W﻿ / ﻿37.65°S 9.64°W﻿ / -37.65; -9.64﻿ (Pigalle),153,1976,"Jean-Baptiste Pigalle, French sculptor",https://en.wikipedia.orghttps://planetarynames.wr.usgs.gov/Feature/4726
Plath,37°52′N 38°50′W﻿ / ﻿37.86°N 38.84°W﻿ / 37.86; -38.84﻿ (Plath),35,2015,"Sylvia Plath, American poet",https://en.wikipedia.orghttps://planetarynames.wr.usgs.gov/Feature/15395
Po Chü-I,6°56′S 165°17′W﻿ / ﻿6.94°S 165.28°W﻿ / -6.94; -165.28﻿ (Po Chü-I),70,1976,"Bai Juyi, Chinese poet",https://en.wikipedia.orghttps://planetarynames.wr.usgs.gov/Feature/4767
Po Ya,45°55′S 20°10′W﻿ / ﻿45.92°S 20.17°W﻿ / -45.92; -20.17﻿ (Po Ya),101,1976,"Bo Ya, Chinese musician",https://en.wikipedia.orghttps://planetarynames.wr.usgs.gov/Feature/4768
Poe,43°46′N 159°06′E﻿ / ﻿43.76°N 159.1°E﻿ / 43.76; 159.1﻿ (Poe),77,2008,"Edgar Allan Poe, American poet",https://en.wikipedia.orghttps://planetarynames.wr.usgs.gov/Feature/14517
Polygnotus,0°08′S 69°16′W﻿ / ﻿0.13°S 69.26°W﻿ / -0.13; -69.26﻿ (Polygnotus),124,1976,"Polygnotus, Ancient Greek painter",https://en.wikipedia.orghttps://planetarynames.wr.usgs.gov/Feature/4787
Popova,34°43′S 66°44′W﻿ / ﻿34.72°S 66.73°W﻿ / -34.72; -66.73﻿ (Popova),34,2012,"Lyubov Popova, Russian painter and designer",https://en.wikipedia.orghttps://planetarynames.wr.usgs.gov/Feature/15085
Praxiteles,27°07′N 60°17′W﻿ / ﻿27.11°N 60.28°W﻿ / 27.11; -60.28﻿ (Praxiteles),198,1979,"Praxiteles, Ancient Greek sculptor",https://en.wikipedia.orghttps://planetarynames.wr.usgs.gov/Feature/4820
Prokofiev,85°46′N 62°55′E﻿ / ﻿85.77°N 62.92°E﻿ / 85.77; 62.92﻿ (Prokofiev),112,2012,"Sergei Prokofiev, Russian composer",https://en.wikipedia.orghttps://planetarynames.wr.usgs.gov/Feature/15024
Proust,19°34′N 47°35′W﻿ / ﻿19.56°N 47.59°W﻿ / 19.56; -47.59﻿ (Proust),145,1976,"Marcel Proust, French novelist",https://en.wikipedia.orghttps://planetarynames.wr.usgs.gov/Feature/4854
Puccini,65°23′S 45°19′W﻿ / ﻿65.39°S 45.32°W﻿ / -65.39; -45.32﻿ (Puccini),76,1976,"Giacomo Puccini, Italian composer",https://en.wikipedia.orghttps://planetarynames.wr.usgs.gov/Feature/4863
Purcell,80°26′N 152°13′W﻿ / ﻿80.43°N 152.21°W﻿ / 80.43; -152.21﻿ (Purcell),87.67,1979,"Henry Purcell, English composer",https://en.wikipedia.orghttps://planetarynames.wr.usgs.gov/Feature/4873
Pushkin,65°47′S 20°44′W﻿ / ﻿65.79°S 20.73°W﻿ / -65.79; -20.73﻿ (Pushkin),232,1976,"Alexander Pushkin, Russian poet",https://en.wikipedia.orghttps://planetarynames.wr.usgs.gov/Feature/4877
Qi Baishi,4°19′S 164°22′E﻿ / ﻿4.31°S 164.37°E﻿ / -4.31; 164.37﻿ (Qi Baishi),15,2008,"Qi Baishi, Chinese painter",https://en.wikipedia.orghttps://planetarynames.wr.usgs.gov/Feature/14518
Qiu Ying,82°40′N 85°42′W﻿ / ﻿82.67°N 85.7°W﻿ / 82.67; -85.7﻿ (Qiu Ying),20,2012,"Qiu Ying, Chinese painter",https://en.wikipedia.orghttps://planetarynames.wr.usgs.gov/Feature/15027
Rabelais,60°32′S 61°49′W﻿ / ﻿60.53°S 61.81°W﻿ / -60.53; -61.81﻿ (Rabelais),154,1976,"François Rabelais, French writer",https://en.wikipedia.orghttps://planetarynames.wr.usgs.gov/Feature/4910
Rachmaninoff,27°40′N 57°22′E﻿ / ﻿27.66°N 57.37°E﻿ / 27.66; 57.37﻿ (Rachmaninoff),305,2010,"Sergei Rachmaninoff, Russian composer",https://en.wikipedia.orghttps://planetarynames.wr.usgs.gov/Feature/14653
Raden Saleh,2°04′N 158°50′E﻿ / ﻿2.07°N 158.83°E﻿ / 2.07; 158.83﻿ (Raden Saleh),23,2008,"Raden Saleh, Javanese painter",https://en.wikipedia.orghttps://planetarynames.wr.usgs.gov/Feature/14519
Raditladi,27°09′N 119°04′E﻿ / ﻿27.15°N 119.06°E﻿ / 27.15; 119.06﻿ (Raditladi),258,2008,"Leetile Disang Raditladi, Botswanan writer",https://en.wikipedia.orghttps://planetarynames.wr.usgs.gov/Feature/14387
Rajnis,4°22′N 96°13′W﻿ / ﻿4.36°N 96.21°W﻿ / 4.36; -96.21﻿ (Rajnis),80,1976,"Rainis, Latvian writer",https://en.wikipedia.orghttps://planetarynames.wr.usgs.gov/Feature/4930
Remarque,84°56′N 6°28′W﻿ / ﻿84.94°N 6.46°W﻿ / 84.94; -6.46﻿ (Remarque),25.9,2013,"Erich Maria Remarque, German author",https://en.wikipedia.orghttps://planetarynames.wr.usgs.gov/Feature/15193
Rameau,54°35′S 37°14′W﻿ / ﻿54.58°S 37.24°W﻿ / -54.58; -37.24﻿ (Rameau),58,1976,"Jean-Philippe Rameau, French composer",https://en.wikipedia.orghttps://planetarynames.wr.usgs.gov/Feature/4936
Raphael,20°25′S 76°21′W﻿ / ﻿20.42°S 76.35°W﻿ / -20.42; -76.35﻿ (Raphael),342,1976,"Raphael, Italian artist",https://en.wikipedia.orghttps://planetarynames.wr.usgs.gov/Feature/4949
Ravel,12°01′S 38°11′W﻿ / ﻿12.01°S 38.19°W﻿ / -12.01; -38.19﻿ (Ravel),78,1985,"Maurice Ravel, French composer",https://en.wikipedia.orghttps://planetarynames.wr.usgs.gov/Feature/4958
Rembrandt,32°53′S 87°52′E﻿ / ﻿32.89°S 87.87°E﻿ / -32.89; 87.87﻿ (Rembrandt),716,2009,"Rembrandt, Dutch artist",https://en.wikipedia.orghttps://planetarynames.wr.usgs.gov/Feature/14563
Renoir,18°20′S 52°01′W﻿ / ﻿18.34°S 52.01°W﻿ / -18.34; -52.01﻿ (Renoir),220,1976,"Pierre-Auguste Renoir, French artist",https://en.wikipedia.orghttps://planetarynames.wr.usgs.gov/Feature/4995
Repin,19°07′S 63°20′W﻿ / ﻿19.12°S 63.33°W﻿ / -19.12; -63.33﻿ (Repin),95,1976,"Ilya Yefimovich Repin, Russian artist",https://en.wikipedia.orghttps://planetarynames.wr.usgs.gov/Feature/4998
Riemenschneider,52°45′S 99°57′W﻿ / ﻿52.75°S 99.95°W﻿ / -52.75; -99.95﻿ (Riemenschneider),183,1979,"Tilman Riemenschneider, German sculptor",https://en.wikipedia.orghttps://planetarynames.wr.usgs.gov/Feature/5031
Rilke,44°49′S 12°34′W﻿ / ﻿44.81°S 12.57°W﻿ / -44.81; -12.57﻿ (Rilke),82,1976,"Rainer Maria Rilke, German poet",https://en.wikipedia.orghttps://planetarynames.wr.usgs.gov/Feature/5035
Rimbaud,63°37′S 148°54′W﻿ / ﻿63.62°S 148.9°W﻿ / -63.62; -148.9﻿ (Rimbaud),78,1985,"Arthur Rimbaud, French poet",https://en.wikipedia.orghttps://planetarynames.wr.usgs.gov/Feature/5149
Rikyū,79°55′N 22°44′W﻿ / ﻿79.91°N 22.74°W﻿ / 79.91; -22.74﻿ (Rikyū),22.4,2013,"Sen no Rikyū, Japanese tea master",https://en.wikipedia.orghttps://planetarynames.wr.usgs.gov/Feature/15145
Rivera,69°17′N 32°11′E﻿ / ﻿69.29°N 32.18°E﻿ / 69.29; 32.18﻿ (Rivera),40,2015,"Diego Rivera, Mexican painter",https://en.wikipedia.orghttps://planetarynames.wr.usgs.gov/Feature/15320
Rizal,82°29′N 146°59′W﻿ / ﻿82.48°N 146.98°W﻿ / 82.48; -146.98﻿ (Rivera),64,2019,"José Rizal, Filipino writer",https://en.wikipedia.orghttps://planetarynames.wr.usgs.gov/Feature/15856
Rodin,21°43′N 18°53′W﻿ / ﻿21.72°N 18.89°W﻿ / 21.72; -18.89﻿ (Rodin),230,1976,"Auguste Rodin, French sculptor",https://en.wikipedia.orghttps://planetarynames.wr.usgs.gov/Feature/5169
Roerich,84°23′S 58°56′W﻿ / ﻿84.39°S 58.94°W﻿ / -84.39; -58.94﻿ (Roerich),111.67,2013,"Nicholas Roerich, Russian painter",https://en.wikipedia.orghttps://planetarynames.wr.usgs.gov/Feature/15105
Rubens,60°35′N 77°59′W﻿ / ﻿60.58°N 77.99°W﻿ / 60.58; -77.99﻿ (Rubens),158,1979,"Peter Paul Rubens, French artist",https://en.wikipedia.orghttps://planetarynames.wr.usgs.gov/Feature/5211
Rublev,15°07′S 157°05′W﻿ / ﻿15.12°S 157.08°W﻿ / -15.12; -157.08﻿ (Rublev),129,1976,"Andrei Rublev, Russian icon painter",https://en.wikipedia.orghttps://planetarynames.wr.usgs.gov/Feature/5213
Rūdaki,3°58′S 51°46′W﻿ / ﻿3.97°S 51.76°W﻿ / -3.97; -51.76﻿ (Rūdaki),124,1976,"Rudaki, Persian poet",https://en.wikipedia.orghttps://planetarynames.wr.usgs.gov/Feature/5252
Rude,33°13′S 79°17′W﻿ / ﻿33.22°S 79.29°W﻿ / -33.22; -79.29﻿ (Rude),68,1985,"François Rude, French sculptor",https://en.wikipedia.orghttps://planetarynames.wr.usgs.gov/Feature/5216
Rūmī,24°12′S 105°18′W﻿ / ﻿24.2°S 105.3°W﻿ / -24.2; -105.3﻿ (Rūmī),75,1985,"Mawlana Rumi, Persian poet",https://en.wikipedia.orghttps://planetarynames.wr.usgs.gov/Feature/5253
Rustaveli,52°25′N 82°44′E﻿ / ﻿52.41°N 82.74°E﻿ / 52.41; 82.74﻿ (Rustaveli),200,2012,"Shota Rustaveli, Georgian poet",https://en.wikipedia.orghttps://planetarynames.wr.usgs.gov/Feature/14971
Ruysch,10°42′S 94°07′E﻿ / ﻿10.7°S 94.12°E﻿ / -10.7; 94.12﻿ (Ruysch),64,2013,"Rachel Ruysch, Netherland painter",https://en.wikipedia.orghttps://planetarynames.wr.usgs.gov/Feature/15176
Sadī,79°14′S 51°16′W﻿ / ﻿79.24°S 51.26°W﻿ / -79.24; -51.26﻿ (Sadī),66.54,1976,"Saadi, Persian poet",https://en.wikipedia.orghttps://planetarynames.wr.usgs.gov/Feature/5271
Saikaku,71°58′N 177°58′W﻿ / ﻿71.96°N 177.97°W﻿ / 71.96; -177.97﻿ (Saikaku),64,1979,"Ihara Saikaku, Japanese poet",https://en.wikipedia.orghttps://planetarynames.wr.usgs.gov/Feature/5279
Sander,42°26′N 154°34′E﻿ / ﻿42.43°N 154.56°E﻿ / 42.43; 154.56﻿ (Sander),47,2008,"August Sander, German photographer",https://en.wikipedia.orghttps://planetarynames.wr.usgs.gov/Feature/14395
Sanai,13°22′S 6°59′W﻿ / ﻿13.37°S 6.99°W﻿ / -13.37; -6.99﻿ (Sanai),490,2014,"Sanai, Persian poet",https://en.wikipedia.orghttps://planetarynames.wr.usgs.gov/Feature/15246
Sapkota,86°05′N 132°47′W﻿ / ﻿86.09°N 132.79°W﻿ / 86.09; -132.79﻿ (Sapkota),27.4,2015,"Mahananda Sapkota, Nepalese poet",https://en.wikipedia.orghttps://planetarynames.wr.usgs.gov/Feature/15434
Sarmiento,29°16′S 170°25′E﻿ / ﻿29.27°S 170.42°E﻿ / -29.27; 170.42﻿ (Sarmiento),95,1979,"Domingo Faustino Sarmiento, Argentinian writer",https://en.wikipedia.orghttps://planetarynames.wr.usgs.gov/Feature/5325
Savage,8°35′S 93°25′E﻿ / ﻿8.59°S 93.41°E﻿ / -8.59; 93.41﻿ (Savage),93,2013,"Augusta Savage, American sculptor",https://en.wikipedia.orghttps://planetarynames.wr.usgs.gov/Feature/15177
Sayat-Nova,27°59′S 122°42′W﻿ / ﻿27.98°S 122.7°W﻿ / -27.98; -122.7﻿ (Sayat-Nova),146,1979,"Sayat-Nova, Armenian poet",https://en.wikipedia.orghttps://planetarynames.wr.usgs.gov/Feature/5348
Scarlatti,40°42′N 101°10′W﻿ / ﻿40.7°N 101.16°W﻿ / 40.7; -101.16﻿ (Scarlatti),132,1979,"Domenico Scarlatti, Alessandro Scarlatti, Italian composers",https://en.wikipedia.orghttps://planetarynames.wr.usgs.gov/Feature/5358
Schoenberg,16°04′S 136°05′W﻿ / ﻿16.06°S 136.08°W﻿ / -16.06; -136.08﻿ (Schoenberg),28,1976,"Arnold Schoenberg, Austrian composer",https://en.wikipedia.orghttps://planetarynames.wr.usgs.gov/Feature/5377
Schubert,43°13′S 54°16′W﻿ / ﻿43.21°S 54.26°W﻿ / -43.21; -54.26﻿ (Schubert),190,1976,"Franz Schubert, Austrian composer",https://en.wikipedia.orghttps://planetarynames.wr.usgs.gov/Feature/5384
Scopas,81°16′S 174°43′E﻿ / ﻿81.26°S 174.71°E﻿ / -81.26; 174.71﻿ (Scopas),83.16,1976,"Scopas, Ancient Greek sculptor and architect",https://en.wikipedia.orghttps://planetarynames.wr.usgs.gov/Feature/5393
Sei,64°37′S 88°35′W﻿ / ﻿64.61°S 88.59°W﻿ / -64.61; -88.59﻿ (Sei),137,1976,"Sei Shōnagon, Japanese writer",https://en.wikipedia.orghttps://planetarynames.wr.usgs.gov/Feature/5408
Seuss,7°39′N 33°10′E﻿ / ﻿7.65°N 33.16°E﻿ / 7.65; 33.16﻿ (Seuss),64,2012,"Theodor Seuss Geisel, American author and cartoonist",https://en.wikipedia.orghttps://planetarynames.wr.usgs.gov/Feature/14972
Shakespeare,48°06′N 152°15′W﻿ / ﻿48.1°N 152.25°W﻿ / 48.1; -152.25﻿ (Shakespeare),399,1979,"William Shakespeare, English writer",https://en.wikipedia.orghttps://planetarynames.wr.usgs.gov/Feature/5456
Shelley,47°41′S 128°16′W﻿ / ﻿47.69°S 128.27°W﻿ / -47.69; -128.27﻿ (Shelley),171,1979,"Percy Bysshe Shelley, English poet",https://en.wikipedia.orghttps://planetarynames.wr.usgs.gov/Feature/5483
Sher-Gil,45°16′S 134°44′E﻿ / ﻿45.26°S 134.74°E﻿ / -45.26; 134.74﻿ (Sher-Gil),77,2008,"Amrita Sher-Gil, Indian painter",https://en.wikipedia.orghttps://planetarynames.wr.usgs.gov/Feature/14520
Shevchenko,53°38′S 46°01′W﻿ / ﻿53.64°S 46.02°W﻿ / -53.64; -46.02﻿ (Shevchenko),143,1976,"Taras Shevchenko, Ukrainian poet",https://en.wikipedia.orghttps://planetarynames.wr.usgs.gov/Feature/5486
Sholem Aleichem,50°55′N 90°29′W﻿ / ﻿50.92°N 90.48°W﻿ / 50.92; -90.48﻿ (Sholem Aleichem),196,1979,"Sholom Aleichem, Yiddish writer",https://en.wikipedia.orghttps://planetarynames.wr.usgs.gov/Feature/5495
Sibelius,49°30′S 145°22′W﻿ / ﻿49.5°S 145.37°W﻿ / -49.5; -145.37﻿ (Sibelius),94,1985,"Jean Sibelius, Finnish composer",https://en.wikipedia.orghttps://planetarynames.wr.usgs.gov/Feature/5512
Simonides,29°08′S 44°51′W﻿ / ﻿29.13°S 44.85°W﻿ / -29.13; -44.85﻿ (Simonides),87,1985,"Simonides of Ceos, Greek poet",https://en.wikipedia.orghttps://planetarynames.wr.usgs.gov/Feature/5541
Sinan,15°28′N 30°35′W﻿ / ﻿15.46°N 30.59°W﻿ / 15.46; -30.59﻿ (Sinan),134,1976,"Mimar Sinan, Turkish architect",https://en.wikipedia.orghttps://planetarynames.wr.usgs.gov/Feature/5549
Smetana,48°15′S 70°10′W﻿ / ﻿48.25°S 70.17°W﻿ / -48.25; -70.17﻿ (Smetana),191,1985,"Bedřich Smetana, Czech composer",https://en.wikipedia.orghttps://planetarynames.wr.usgs.gov/Feature/5602
Snorri,9°10′S 83°14′W﻿ / ﻿9.17°S 83.24°W﻿ / -9.17; -83.24﻿ (Snorri),21,1976,"Snorri Sturluson, Icelandic poet",https://en.wikipedia.orghttps://planetarynames.wr.usgs.gov/Feature/5611
Sophocles,6°57′S 146°02′W﻿ / ﻿6.95°S 146.04°W﻿ / -6.95; -146.04﻿ (Sophocles),142,1976,"Sophocles, Ancient Greek dramatist",https://en.wikipedia.orghttps://planetarynames.wr.usgs.gov/Feature/5650
Sor Juana,50°31′N 25°35′W﻿ / ﻿50.51°N 25.59°W﻿ / 50.51; -25.59﻿ (Sor Juana),102,1979,"Sor Juana Inés de la Cruz, Mexican writer",https://en.wikipedia.orghttps://planetarynames.wr.usgs.gov/Feature/5651
Sōseki,39°19′N 38°46′W﻿ / ﻿39.31°N 38.77°W﻿ / 39.31; -38.77﻿ (Sōseki),92,1985,"Natsume Sōseki, Japanese novelist",https://en.wikipedia.orghttps://planetarynames.wr.usgs.gov/Feature/5801
Sōtatsu,48°44′S 18°10′W﻿ / ﻿48.73°S 18.17°W﻿ / -48.73; -18.17﻿ (Sōtatsu),157,1976,"Tawaraya Sōtatsu, Japanese artist",https://en.wikipedia.orghttps://planetarynames.wr.usgs.gov/Feature/5802
Sousa,46°41′N 0°38′E﻿ / ﻿46.69°N 0.63°E﻿ / 46.69; 0.63﻿ (Sousa),138,2012,"John Philip Sousa, American bandmaster and composer",https://en.wikipedia.orghttps://planetarynames.wr.usgs.gov/Feature/14973
Spitteler,69°11′S 60°16′W﻿ / ﻿69.18°S 60.26°W﻿ / -69.18; -60.26﻿ (Spitteler),67,1976,"Carl Spitteler, Swiss poet",https://en.wikipedia.orghttps://planetarynames.wr.usgs.gov/Feature/5668
Steichen,12°47′S 77°02′E﻿ / ﻿12.79°S 77.04°E﻿ / -12.79; 77.04﻿ (Steichen),196,2010,"Edward Steichen, American photographer",https://en.wikipedia.orghttps://planetarynames.wr.usgs.gov/Feature/14650
Stevenson,2°03′N 143°53′W﻿ / ﻿2.05°N 143.88°W﻿ / 2.05; -143.88﻿ (Stevenson),134,2012,"Robert Louis Stevenson, Scottish author",https://en.wikipedia.orghttps://planetarynames.wr.usgs.gov/Feature/14974
Stieglitz,72°32′N 67°38′E﻿ / ﻿72.54°N 67.63°E﻿ / 72.54; 67.63﻿ (Stieglitz),100,2012,"Alfred Stieglitz, American photographer",https://en.wikipedia.orghttps://planetarynames.wr.usgs.gov/Feature/14928
Strauss,70°25′N 285°32′E﻿ / ﻿70.42°N 285.53°E﻿ / 70.42; 285.53﻿ (Stieglitz),17,2019,Strauss family of musicians,https://en.wikipedia.orghttps://planetarynames.wr.usgs.gov/Feature/15860
Stravinsky,51°57′N 78°54′W﻿ / ﻿51.95°N 78.9°W﻿ / 51.95; -78.9﻿ (Stravinsky),129,1979,"Igor Stravinsky, Russian composer",https://en.wikipedia.orghttps://planetarynames.wr.usgs.gov/Feature/5723
Strindberg,53°25′N 136°40′W﻿ / ﻿53.41°N 136.67°W﻿ / 53.41; -136.67﻿ (Strindberg),189,1979,"August Strindberg, Swedish writer",https://en.wikipedia.orghttps://planetarynames.wr.usgs.gov/Feature/5726
Sullivan,16°11′S 86°53′W﻿ / ﻿16.19°S 86.88°W﻿ / -16.19; -86.88﻿ (Sullivan),153.23,1976,"Louis Sullivan, American architect",https://en.wikipedia.orghttps://planetarynames.wr.usgs.gov/Feature/5755
Sūr Dās,46°59′S 93°34′W﻿ / ﻿46.98°S 93.57°W﻿ / -46.98; -93.57﻿ (Sūr Dās),131,1979,"Sur, Hindu, poet",https://en.wikipedia.orghttps://planetarynames.wr.usgs.gov/Feature/5804
Surikov,36°59′S 124°54′W﻿ / ﻿36.98°S 124.9°W﻿ / -36.98; -124.9﻿ (Surikov),224,1979,"Vasily Surikov, Russian artist",https://en.wikipedia.orghttps://planetarynames.wr.usgs.gov/Feature/5767
Sveinsdóttir,2°50′S 100°19′E﻿ / ﻿2.83°S 100.32°E﻿ / -2.83; 100.32﻿ (Sveinsdóttir),212.79,2008,"Júlíana Sveinsdóttir, Icelandic artist",https://en.wikipedia.orghttps://planetarynames.wr.usgs.gov/Feature/14389
Takanobu,30°40′N 108°34′W﻿ / ﻿30.66°N 108.56°W﻿ / 30.66; -108.56﻿ (Takanobu),72,1985,"Fujiwara no Takanobu, Japanese poet",https://en.wikipedia.orghttps://planetarynames.wr.usgs.gov/Feature/5830
Takayoshi,37°14′S 163°49′W﻿ / ﻿37.23°S 163.82°W﻿ / -37.23; -163.82﻿ (Takayoshi),136,1979,"Fujiwara no Takayoshi, Japanese painter",https://en.wikipedia.orghttps://planetarynames.wr.usgs.gov/Feature/5831
Tansen,4°07′N 71°40′W﻿ / ﻿4.11°N 71.67°W﻿ / 4.11; -71.67﻿ (Tansen),27,1976,"Tansen, Hindustani composer",https://en.wikipedia.orghttps://planetarynames.wr.usgs.gov/Feature/5858
Thākur,3°03′S 64°34′W﻿ / ﻿3.05°S 64.57°W﻿ / -3.05; -64.57﻿ (Thākur),111,1976,"Rabindranath Tagore, Indian writer",https://en.wikipedia.orghttps://planetarynames.wr.usgs.gov/Feature/5990
Theophanes,5°01′S 142°47′W﻿ / ﻿5.02°S 142.78°W﻿ / -5.02; -142.78﻿ (Theophanes),46,1976,"Theophanes the Greek, icon painter",https://en.wikipedia.orghttps://planetarynames.wr.usgs.gov/Feature/5964
Thoreau,5°56′N 132°38′W﻿ / ﻿5.94°N 132.64°W﻿ / 5.94; -132.64﻿ (Thoreau),72,1985,"Henry David Thoreau, American poet",https://en.wikipedia.orghttps://planetarynames.wr.usgs.gov/Feature/5979
Tintoretto,47°59′S 22°57′W﻿ / ﻿47.99°S 22.95°W﻿ / -47.99; -22.95﻿ (Tintoretto),94,1976,"Tintoretto, Italian artist",https://en.wikipedia.orghttps://planetarynames.wr.usgs.gov/Feature/6022
Titian,3°41′S 42°32′W﻿ / ﻿3.69°S 42.53°W﻿ / -3.69; -42.53﻿ (Titian),109,1976,"Titian, Italian artist",https://en.wikipedia.orghttps://planetarynames.wr.usgs.gov/Feature/6034
To Ngoc Van,52°29′N 111°42′W﻿ / ﻿52.49°N 111.7°W﻿ / 52.49; -111.7﻿ (To Ngoc Van),71,2009,"To Ngoc Van, Vietnamese painter",https://en.wikipedia.orghttps://planetarynames.wr.usgs.gov/Feature/14589
Tolkien,88°49′N 148°55′E﻿ / ﻿88.82°N 148.92°E﻿ / 88.82; 148.92﻿ (Tolkien),50,2012,"J. R. R. Tolkien, English writer",https://en.wikipedia.orghttps://planetarynames.wr.usgs.gov/Feature/15025
Tolstoj,16°14′S 164°38′W﻿ / ﻿16.23°S 164.64°W﻿ / -16.23; -164.64﻿ (Tolstoj),355,1976,"Leo Tolstoy, Russian writer",https://en.wikipedia.orghttps://planetarynames.wr.usgs.gov/Feature/6052
Travers,28°00′S 329°06′W﻿ / ﻿28.0°S 329.1°W﻿ / -28.0; -329.1﻿ (Tolstoj),164,2018,"Pamela Lyndon Travers, British writer",https://en.wikipedia.orghttps://planetarynames.wr.usgs.gov/Feature/15773
Tsʻai Wen-Chi,23°28′N 23°09′W﻿ / ﻿23.47°N 23.15°W﻿ / 23.47; -23.15﻿ (Tsʻai Wen-Chi),124,1976,"Cai Wenji, Chinese poet and composer",https://en.wikipedia.orghttps://planetarynames.wr.usgs.gov/Feature/6116
Tsʻao Chan,13°19′S 142°21′W﻿ / ﻿13.31°S 142.35°W﻿ / -13.31; -142.35﻿ (Tsʻao Chan),110,1976,"Cao Xueqin, Chinese novelist",https://en.wikipedia.orghttps://planetarynames.wr.usgs.gov/Feature/6118
Tsurayuki,62°59′S 20°20′W﻿ / ﻿62.99°S 20.34°W﻿ / -62.99; -20.34﻿ (Tsurayuki),83,1976,"Ki no Tsurayuki, Japanese writer",https://en.wikipedia.orghttps://planetarynames.wr.usgs.gov/Feature/6113
Tung Yüan,75°01′N 62°50′W﻿ / ﻿75.02°N 62.83°W﻿ / 75.02; -62.83﻿ (Tung Yüan),60.46,1979,"Dong Yuan, Chinese artist",https://en.wikipedia.orghttps://planetarynames.wr.usgs.gov/Feature/6132
Turgenev,65°41′N 136°16′W﻿ / ﻿65.68°N 136.26°W﻿ / 65.68; -136.26﻿ (Turgenev),136,1979,"Ivan Turgenev, Russian writer",https://en.wikipedia.orghttps://planetarynames.wr.usgs.gov/Feature/6140
Tyagaraja,3°53′N 148°54′W﻿ / ﻿3.89°N 148.9°W﻿ / 3.89; -148.9﻿ (Tyagaraja),97,1976,"Tyāgarāja, Indian composer",https://en.wikipedia.orghttps://planetarynames.wr.usgs.gov/Feature/6161
Tryggvadóttir,89°33′N 171°34′W﻿ / ﻿89.55°N 171.56°W﻿ / 89.55; -171.56﻿ (Tryggvadóttir),31,2012,"Nína Tryggvadóttir, Icelandic artist",https://en.wikipedia.orghttps://planetarynames.wr.usgs.gov/Feature/15026
Unkei,31°47′S 62°36′W﻿ / ﻿31.79°S 62.6°W﻿ / -31.79; -62.6﻿ (Unkei),121,1976,"Unkei, Japanese sculptor",https://en.wikipedia.orghttps://planetarynames.wr.usgs.gov/Feature/6228
Ustad Isa,31°55′S 166°07′W﻿ / ﻿31.91°S 166.11°W﻿ / -31.91; -166.11﻿ (Ustad Isa),138,1979,"Ustad Isa, architect",https://en.wikipedia.orghttps://planetarynames.wr.usgs.gov/Feature/6249
Vālmiki,23°35′S 141°25′W﻿ / ﻿23.58°S 141.41°W﻿ / -23.58; -141.41﻿ (Vālmiki),210,1976,"Valmiki, Indian poet",https://en.wikipedia.orghttps://planetarynames.wr.usgs.gov/Feature/6462
Van Dijck,75°48′N 166°38′W﻿ / ﻿75.8°N 166.63°W﻿ / 75.8; -166.63﻿ (Van Dijck),101.53,1979,"Anthony van Dyck, Flemish artist",https://en.wikipedia.orghttps://planetarynames.wr.usgs.gov/Feature/6309
Van Eyck,43°13′N 159°26′W﻿ / ﻿43.22°N 159.43°W﻿ / 43.22; -159.43﻿ (Van Eyck),271,1979,"Jan van Eyck, Flemish artist",https://en.wikipedia.orghttps://planetarynames.wr.usgs.gov/Feature/6310
Van Gogh,76°53′S 138°41′W﻿ / ﻿76.88°S 138.68°W﻿ / -76.88; -138.68﻿ (van Gogh),99,1976,"Vincent van Gogh, Dutch artist",https://en.wikipedia.orghttps://planetarynames.wr.usgs.gov/Feature/6312
Varma,80°02′N 18°58′W﻿ / ﻿80.04°N 18.97°W﻿ / 80.04; -18.97﻿ (Varma),30,2013,"Raja Ravi Varma, Indian painter",https://en.wikipedia.orghttps://planetarynames.wr.usgs.gov/Feature/15146
Vazov,65°24′S 212°20′W﻿ / ﻿65.4°S 212.33°W﻿ / -65.4; -212.33﻿ (Vazov),33,2020,"Ivan Vazov, Bulgarian poet",https://en.wikipedia.orghttps://planetarynames.wr.usgs.gov/Feature/15922
Velázquez,37°35′N 55°26′W﻿ / ﻿37.59°N 55.43°W﻿ / 37.59; -55.43﻿ (Velázquez),128,1979,"Diego Velázquez, Spanish painter",https://en.wikipedia.orghttps://planetarynames.wr.usgs.gov/Feature/6345
Verdi,64°22′N 169°43′W﻿ / ﻿64.36°N 169.71°W﻿ / 64.36; -169.71﻿ (Verdi),145,1979,"Giuseppe Verdi, Italian composer",https://en.wikipedia.orghttps://planetarynames.wr.usgs.gov/Feature/6354
Veronese,5°18′N 55°57′W﻿ / ﻿5.3°N 55.95°W﻿ / 5.3; -55.95﻿ (Veronese),45,2021,"Paolo Veronese, Italian painter",https://en.wikipedia.orghttps://planetarynames.wr.usgs.gov/Feature/15997
Vieira da Silva,1°32′N 123°25′W﻿ / ﻿1.54°N 123.41°W﻿ / 1.54; -123.41﻿ (Vieira da Silva),274,2013,"Maria Helena Vieira da Silva, Portuguese-French painter",https://en.wikipedia.orghttps://planetarynames.wr.usgs.gov/Feature/15194
Villa-Lobos,5°16′N 6°47′E﻿ / ﻿5.27°N 6.79°E﻿ / 5.27; 6.79﻿ (Villa-Lobos),67,2015,"Heitor Villa-Lobos, Brazilian composer",https://en.wikipedia.orghttps://planetarynames.wr.usgs.gov/Feature/15397
Vincente,56°45′S 142°58′W﻿ / ﻿56.75°S 142.96°W﻿ / -56.75; -142.96﻿ (Vincente),108,1979,"Gil Vicente, Portuguese writer",https://en.wikipedia.orghttps://planetarynames.wr.usgs.gov/Feature/6392
Vivaldi,13°46′N 85°55′W﻿ / ﻿13.76°N 85.92°W﻿ / 13.76; -85.92﻿ (Vivaldi),213,1976,"Antonio Vivaldi, Italian composer",https://en.wikipedia.orghttps://planetarynames.wr.usgs.gov/Feature/6415
Vlaminck,28°29′N 13°31′W﻿ / ﻿28.48°N 13.51°W﻿ / 28.48; -13.51﻿ (Vlaminck),82,1985,"Maurice de Vlaminck, French painter",https://en.wikipedia.orghttps://planetarynames.wr.usgs.gov/Feature/6421
Vonnegut,82°43′N 249°55′W﻿ / ﻿82.72°N 249.91°W﻿ / 82.72; -249.91﻿ (Vlaminck),26.61,2017,"Kurt Vonnegut, American writer",https://en.wikipedia.orghttps://planetarynames.wr.usgs.gov/Feature/15623
Vyāsa,49°47′N 84°37′W﻿ / ﻿49.79°N 84.62°W﻿ / 49.79; -84.62﻿ (Vyāsa),297,1979,"Vyasa, Indian poet",https://en.wikipedia.orghttps://planetarynames.wr.usgs.gov/Feature/6461
Wagner,68°15′S 114°47′W﻿ / ﻿68.25°S 114.78°W﻿ / -68.25; -114.78﻿ (Wagner),134,1976,"Richard Wagner, German composer",https://en.wikipedia.orghttps://planetarynames.wr.usgs.gov/Feature/6470
Wang Meng,8°32′N 104°07′W﻿ / ﻿8.53°N 104.12°W﻿ / 8.53; -104.12﻿ (Wang Meng),165,1976,"Wang Meng, Chinese artist",https://en.wikipedia.orghttps://planetarynames.wr.usgs.gov/Feature/6486
Warhol,2°33′S 6°16′W﻿ / ﻿2.55°S 6.27°W﻿ / -2.55; -6.27﻿ (Warhol),91,2012,"Andy Warhol, American artist",https://en.wikipedia.orghttps://planetarynames.wr.usgs.gov/Feature/14975
Waters,8°58′S 105°27′W﻿ / ﻿8.96°S 105.45°W﻿ / -8.96; -105.45﻿ (Waters),15,2012,"Muddy Waters, American musician",https://en.wikipedia.orghttps://planetarynames.wr.usgs.gov/Feature/15086
Wen Tianxiang,45°20′S 191°36′W﻿ / ﻿45.34°S 191.6°W﻿ / -45.34; -191.6﻿ (Wagner),166.42,2020,"Wen Tianxiang, Chinese poet",https://en.wikipedia.orghttps://planetarynames.wr.usgs.gov/Feature/15921
Wergeland,37°56′S 56°22′W﻿ / ﻿37.93°S 56.36°W﻿ / -37.93; -56.36﻿ (Wergeland),42,1976,"Henrik Wergeland, Norwegian writer",https://en.wikipedia.orghttps://planetarynames.wr.usgs.gov/Feature/6522
Whitman,41°24′N 111°38′W﻿ / ﻿41.4°N 111.64°W﻿ / 41.4; -111.64﻿ (Whitman),64,1985,"Walt Whitman, American poet",https://en.wikipedia.orghttps://planetarynames.wr.usgs.gov/Feature/6536
Wren,24°50′N 35°57′W﻿ / ﻿24.84°N 35.95°W﻿ / 24.84; -35.95﻿ (Wren),204,1979,"Christopher Wren, English architect",https://en.wikipedia.orghttps://planetarynames.wr.usgs.gov/Feature/6580
Wu Shujuan,70°48′S 346°44′W﻿ / ﻿70.8°S 346.73°W﻿ / -70.8; -346.73﻿ (Wu Shujuan),109,2024,"Wu Shujuan, Chinese painter",https://en.wikipedia.orghttps://planetarynames.wr.usgs.gov/Feature/16348
Xiao Zhao,10°35′N 123°50′E﻿ / ﻿10.58°N 123.84°E﻿ / 10.58; 123.84﻿ (Xiao Zhao),24,2008,"Xiao Zhao, Chinese artist",https://en.wikipedia.orghttps://planetarynames.wr.usgs.gov/Feature/14392
Yamada,82°32′N 136°10′E﻿ / ﻿82.54°N 136.16°E﻿ / 82.54; 136.16﻿ (Yamada),17.1,2015,"Kosaku Yamada, Japanese composer and conductor",https://en.wikipedia.orghttps://planetarynames.wr.usgs.gov/Feature/15435
Yeats,9°26′N 35°02′W﻿ / ﻿9.44°N 35.03°W﻿ / 9.44; -35.03﻿ (Yeats),92,1976,"William Butler Yeats, Irish poet",https://en.wikipedia.orghttps://planetarynames.wr.usgs.gov/Feature/6648
Yoshikawa,81°13′N 106°02′E﻿ / ﻿81.21°N 106.03°E﻿ / 81.21; 106.03﻿ (Yoshikawa),30,2012,"Eiji Yoshikawa, Japanese novelist",https://en.wikipedia.orghttps://planetarynames.wr.usgs.gov/Feature/15028
Yun Sŏn-Do,73°29′S 110°05′W﻿ / ﻿73.49°S 110.08°W﻿ / -73.49; -110.08﻿ (Yun Sǒn-Do),76,1976,"Yun Seondo, Korean poet",https://en.wikipedia.orghttps://planetarynames.wr.usgs.gov/Feature/6680
Zeami,2°58′S 147°25′W﻿ / ﻿2.96°S 147.41°W﻿ / -2.96; -147.41﻿ (Zeami),129,1976,"Zeami Motokiyo, Japanese playwright",https://en.wikipedia.orghttps://planetarynames.wr.usgs.gov/Feature/6709
Zola,49°45′N 178°15′W﻿ / ﻿49.75°N 178.25°W﻿ / 49.75; -178.25﻿ (Zola),70,1979,"Émile Zola, French novelist",https://en.wikipedia.orghttps://planetarynames.wr.usgs.gov/Feature/6749
